price,bedrooms,totalbedrooms,bathrooms,propertyType,BuildingType,storeys,communityName,title,landSize,Builtin,parkingType,totalFinishedArea,appliancesIncluded,foundationType,style,architectureStyle,basementType,po4,po3
399900,3,3,3,Single Family,Row / Townhouse,2,Dartmouth,Freehold,under 1/2 acre,2010.0,Garage,1815.0,"Stove, Dishwasher, Washer, Microwave Range Hood Combo, Refrigerator",Poured Concrete,,,,B2W0,B2W
329900,2,2,1,Single Family,Apartment,1,Dartmouth,Condominium/Strata,under 1/2 acre,2012.0,"Garage, Underground",986.0,Intercom,Poured Concrete,,,Full,B2W0,B2W
165000,3,4,2,Single Family,House,2,Kingston,Freehold,under 1/2 acre,1995.0,,1400.0,"Stove, Dryer, Washer, Microwave, Microwave Range Hood Combo, Refrigerator",Poured Concrete,Semi-detached,3 Level,Full (Partially finished),B0P1,B0P
339000,3,3,2,Single Family,House,2,Bedford,Freehold,under 1/2 acre,1980.0,,1470.0,"Stove, Dishwasher, Dryer, Washer, Refrigerator",Poured Concrete,Semi-detached,,,B4A1,B4A
750000,3,4,3,Single Family,House,2,Robinsons Corner,Freehold,under 1/2 acre,2020.0,"Garage, Detached Garage",3120.0,"Cooktop - Electric, Oven, Dishwasher, Dryer, Washer, Microwave, Refrigerator, Water softener",Poured Concrete,Detached,,,B0J1,B0J
214500,3,3,2,Single Family,House,2,New Glasgow,Freehold,under 1/2 acre,,Gravel,1199.0,"Stove, Dishwasher, Dryer, Washer, Microwave, Refrigerator","Poured Concrete, Stone, Wood",Detached,,Partial,B2H2,B2H
290000,3,5,2,Single Family,House,1,Stellarton,Freehold,1/2 - 1 acre,1986.0,,1521.0,"Cooktop, Oven, Range, Dishwasher, Dryer, Washer, Refrigerator",Poured Concrete,Detached,,,B2H4,B2H
59900,3,3,1,Single Family,House,2,Clam Harbour,Freehold,1 - 3 acres,,"Garage, Detached Garage, Gravel",1568.0,None,"Poured Concrete, Stone",Detached,,Crawl space,B0J2,B0J
434900,2,2,2,Single Family,Apartment,1,Armdale,Condominium/Strata,under 1/2 acre,,"Garage, Underground, Parking Space(s)",1326.0,"Stove, Dishwasher, Dryer - Electric, Washer, Microwave Range Hood Combo, Refrigerator, Intercom",Poured Concrete,,,None,B3N0,B3N
450000,3,3,1,Single Family,House,2,Martins River,Freehold,1/2 - 1 acre,1962.0,"Garage, Attached Garage, Detached Garage, Gravel",1640.0,"Oven - Electric, Range - Electric, Dryer - Electric, Washer, Refrigerator",Stone,Detached,,Crawl space,B0J2,B0J
419900,2,3,3,Single Family,House,1,New Glasgow,Freehold,under 1/2 acre,2007.0,,2700.0,"Range - Electric, Dishwasher, Dryer, Washer, Garburator, Refrigerator",Poured Concrete,Detached,Character,,B2H0,B2H
775000,3,4,4,Single Family,House,2,Hammonds Plains,Freehold,1/2 - 1 acre,,"Garage, Attached Garage",2900.0,"Range - Electric, Dishwasher, Dryer - Electric, Washer, Microwave, Refrigerator",Poured Concrete,Detached,,Full (Finished),B3Z0,B3Z
819900,4,4,4,Single Family,House,2,Bedford,Freehold,under 1/2 acre,2005.0,"Garage, Attached Garage",3116.0,"Oven - Electric, Range - Electric, Dishwasher, Dryer, Washer, Microwave Range Hood Combo, Refrigerator",Poured Concrete,Detached,,,B4A4,B4A
345000,3,3,1,Single Family,House,1,Porters Lake,Freehold,under 1/2 acre,1982.0,Gravel,1653.0,"Stove, Dishwasher, Dryer, Washer, Refrigerator",Poured Concrete,Detached,Character,Full (Partially finished),B3R1,B3R
279900,0,3,2,Single Family,House,1,Eastern Passage,Freehold,under 1/2 acre,2002.0,,1440.0,"Stove, Dishwasher, Dryer, Washer, Refrigerator",Poured Concrete,Semi-detached,,,B3G1,B3G
329900,2,2,1,Single Family,House,1,Cookville,Freehold,1 - 3 acres,2002.0,Gravel,1060.0,"Stove, Dryer, Washer, Refrigerator",,Detached,,None,B4V7,B4V
279000,2,2,1,Single Family,House,1,Dartmouth,Freehold,under 1/2 acre,,,815.0,"Stove, Refrigerator",Concrete Block,Detached,Character,Full (Unfinished),B3A1,B3A
185000,2,2,1,Single Family,House,2,Nictaux,Freehold,under 1/2 acre,1932.0,Gravel,920.0,"Range - Electric, Dishwasher, Washer/Dryer Combo, Refrigerator",Poured Concrete,Detached,5 Level,,B0S1,B0S
139900,2,2,1,Single Family,Mobile Home,1,Cleveland,Freehold,under 1/2 acre,,,704.0,"Stove, Dryer, Washer, Microwave Range Hood Combo, Refrigerator",,,,None,B0E1,B0E
299900,3,3,2,Single Family,House,1,New Glasgow,Freehold,under 1/2 acre,1971.0,,1483.0,,Poured Concrete,Detached,Character,Full (Partially finished),B2H1,B2H
489900,3,4,4,Single Family,House,2,Spryfield,Freehold,under 1/2 acre,2018.0,,2261.0,"Oven - Electric, Dishwasher, Dryer - Electric, Washer, Microwave Range Hood Combo, Refrigerator",Poured Concrete,Semi-detached,3 Level,Full (Finished),B3R0,B3R
425000,3,4,3,Single Family,House,2,Halifax,Freehold,under 1/2 acre,1993.0,Gravel,2000.0,"Oven - Electric, Dishwasher, Dryer, Washer, Refrigerator",Poured Concrete,Semi-detached,,Full (Finished),B3N0,B3N
549900,3,4,4,Single Family,House,2,Halifax,Freehold,under 1/2 acre,,,2204.0,"Stove, Dishwasher, Dryer, Washer, Microwave, Refrigerator",Poured Concrete,Semi-detached,,Full (Finished),B3R1,B3R
279900,3,3,2,Single Family,House,1,Lower Sackville,Freehold,under 1/2 acre,,,1048.0,"Stove, Dryer, Washer, Refrigerator",Poured Concrete,Detached,Character,Full (Partially finished),B4C1,B4C
359900,2,3,2,Single Family,House,1,Little Harbour,Freehold,1/2 - 1 acre,1983.0,"Garage, Gravel",2460.0,Central Vacuum,Poured Concrete,Detached,Character,,B0J2,B0J
525000,2,4,4,Single Family,House,2,Kentville,Freehold,1 - 3 acres,1990.0,"Garage, Attached Garage",3681.0,"Central Vacuum, Stove, Dishwasher, Dryer, Washer, Freezer - Chest, Microwave Range Hood Combo, Refrigerator",Poured Concrete,Detached,3 Level,Full (Finished),B4N4,B4N
349900,4,4,3,Single Family,House,2,Berwick,Freehold,under 1/2 acre,,"Garage, Attached Garage",1934.0,,Poured Concrete,Detached,4 Level,,B0P1,B0P
375000,3,3,2,Single Family,Apartment,1,Halifax,Condominium/Strata,under 1/2 acre,,"Garage, Underground",1300.0,"Stove, Dishwasher, Refrigerator",Poured Concrete,,,None,B3H1,B3H
595000,3,3,2,Single Family,House,2,Waverley,Freehold,1/2 - 1 acre,1999.0,"Garage, Gravel",1741.0,"Oven, Stove, Dishwasher, Dryer, Washer, Refrigerator",Poured Concrete,Detached,,Full (Unfinished),B2R1,B2R
374900,3,4,2,Single Family,House,1,Nictaux,Freehold,under 1/2 acre,1993.0,"Garage, Detached Garage",2400.0,"Dishwasher, Microwave Range Hood Combo, Water softener",Poured Concrete,Detached,,,B0S1,B0S
249900,3,3,2,Single Family,House,2,Dartmouth,Freehold,under 1/2 acre,1983.0,,1794.0,"Oven, Range, Dryer, Washer, Microwave, Refrigerator",Poured Concrete,Semi-detached,,Full (Finished),B2W5,B2W
650000,5,5,2,Single Family,Duplex,2,North End,Freehold,under 1/2 acre,1922.0,"Garage, Detached Garage",2393.0,"Oven - Electric, Dishwasher, Dryer - Electric, Washer, Refrigerator",Poured Concrete,,,Full (Finished),B3K3,B3K
949900,2,2,2,Single Family,House,2,Halifax,Freehold,under 1/2 acre,1951.0,,2357.0,"Gas stove(s), Dishwasher, Dryer, Washer, Freezer, Refrigerator",Poured Concrete,Detached,,Full (Partially finished),B3P1,B3P
380000,3,5,3,Single Family,House,1,Greenwood,Freehold,1/2 - 1 acre,1994.0,,2430.0,"Dishwasher, Central Vacuum",Poured Concrete,Detached,,"Full, Partial",B0P1,B0P
324900,3,3,3,Single Family,House,2,New Glasgow,Freehold,under 1/2 acre,,Gravel,2496.0,"Stove, Dishwasher, Dryer, Washer, Refrigerator",Poured Concrete,Detached,,Full (Partially finished),B2H4,B2H
525000,3,3,2,Single Family,House,3,Dartmouth,Freehold,under 1/2 acre,1980.0,,2402.0,,Poured Concrete,Detached,,Crawl space,B2X2,B2X
450000,3,3,2,Single Family,House,1,Dartmouth,Freehold,under 1/2 acre,1986.0,"Garage, Attached Garage",1996.0,"Range - Electric, Dishwasher, Dryer, Washer, Refrigerator, Central Vacuum",Poured Concrete,Detached,,Full (Finished),B2X3,B2X
399900,6,6,2,Single Family,Duplex,2,Halifax,Freehold,under 1/2 acre,,"Garage, Attached Garage",2390.0,,Poured Concrete,Up and down,,Crawl space,B3N2,B3N
350000,3,3,4,Single Family,House,2,Enfield,Freehold,under 1/2 acre,2020.0,"Garage, Attached Garage",1886.0,"Stove, Dryer, Washer, Refrigerator",Poured Concrete,Semi-detached,2 Level,,B2T0,B2T
329000,3,4,2,Single Family,House,1,Lower Sackville,Freehold,under 1/2 acre,1964.0,,1810.0,"Stove, Dishwasher, Dryer, Washer, Refrigerator",Poured Concrete,Detached,2 Level,,B4C1,B4C
439900,3,4,3,Single Family,House,2,Middle Sackville,Freehold,under 1/2 acre,2005.0,"Garage, Attached Garage",2189.0,"Stove, Dishwasher, Dryer, Washer, Refrigerator",Poured Concrete,Detached,,,B4E3,B4E
294900,2,2,2,Single Family,Apartment,1,Rockingham,Condominium/Strata,under 1/2 acre,1986.0,,1033.0,"Oven, Range, Dryer, Washer, Microwave, Refrigerator",Concrete Slab,,,None,B3M3,B3M
599900,3,5,4,Single Family,House,2,Bedford,Freehold,under 1/2 acre,2003.0,"Garage, Attached Garage",3100.0,"Cooktop - Propane, Oven - Electric, Dishwasher, Dryer, Washer, Microwave, Refrigerator",Poured Concrete,Detached,,,B4A4,B4A
489900,2,3,1,Single Family,House,1,Dartmouth,Freehold,under 1/2 acre,1991.0,,1834.0,"Stove, Dishwasher, Dryer, Washer, Refrigerator",Concrete Block,Detached,,,B2V1,B2V
349000,3,3,2,Single Family,Apartment,3,Halifax,Condominium/Strata,under 1/2 acre,1919.0,Gravel,1029.0,"Stove, Dishwasher, Dryer, Washer, Refrigerator",Poured Concrete,,3 Level,Unknown,B3H1,B3H
399900,2,2,1,Single Family,House,2,Eastern Passage,Freehold,under 1/2 acre,1960.0,,1050.0,"Stove, Dishwasher, Dryer, Washer, Microwave, Refrigerator",,Detached,,Full,B3G1,B3G
499900,3,3,4,Single Family,House,2,Halifax,Freehold,under 1/2 acre,2012.0,,1937.0,"Stove, Dishwasher, Dryer - Electric, Washer, Refrigerator",Poured Concrete,Detached,,,B3R0,B3R
379000,2,3,3,Single Family,House,1,Shubenacadie,Freehold,1 - 3 acres,,Gravel,2528.0,"Oven - Propane, Range - Gas, Dishwasher, Washer, Refrigerator, Gas stove(s)",Poured Concrete,Detached,Character,Full,B0N2,B0N
399000,4,4,1,Single Family,House,1,Addington Forks,Freehold,1 - 3 acres,,"Garage, Detached Garage",1159.0,"Range, Dishwasher, Dryer, Washer, Refrigerator",,Detached,,None,B2G2,B2G
189000,3,3,2,Single Family,Mobile Home,1,Scotsburn,Freehold,3 - 10 acres,2019.0,Gravel,1088.0,"Oven, Dishwasher, Dryer, Washer, Refrigerator",,,Mini,None,B0K1,B0K
649999,6,6,3,Single Family,House,3,Lawrencetown,Freehold,1 - 3 acres,,"Garage, Detached Garage",3820.0,,Stone,Detached,,Full (Unfinished),B0S1,B0S
240000,3,3,2,Single Family,House,1,Kingston,Freehold,1/2 - 1 acre,1996.0,,1753.0,"Stove, Dryer, Washer, Microwave Range Hood Combo, Fridge/Stove Combo",Poured Concrete,Detached,Character,Full (Partially finished),B0P1,B0P
239000,2,3,1,Single Family,House,1,Lower Onslow,Freehold,under 1/2 acre,1950.0,"Garage, Detached Garage",768.0,"Dryer, Washer","Concrete Block, Poured Concrete",Detached,Character,,B0M1,B0M
599900,3,3,2,Single Family,House,1,Ostrea Lake,Freehold,3 - 10 acres,2019.0,"Garage, Attached Garage, Gravel",1924.0,"Range - Electric, Dishwasher, Dryer, Washer, Microwave Range Hood Combo, Refrigerator",Concrete Slab,Detached,Character,None,B0J2,B0J
399000,4,4,2,Single Family,House,2,Halifax,Freehold,under 1/2 acre,2009.0,,1552.0,"Stove, Dishwasher, Dryer - Electric, Washer, Microwave Range Hood Combo, Refrigerator",Poured Concrete,Semi-detached,,None,B3P2,B3P
289900,3,3,2,Single Family,House,2,Eastern Passage,Freehold,under 1/2 acre,1991.0,Parking Space(s),1244.0,"Stove, Dryer, Washer, Refrigerator",Concrete Slab,Semi-detached,,None,B3G1,B3G
249900,2,2,1,Single Family,Apartment,1,Halifax,Condominium/Strata,,1988.0,,937.0,"Stove, Dishwasher, Dryer, Washer, Microwave Range Hood Combo, Refrigerator, Intercom",Poured Concrete,,,Full (Finished),B3M4,B3M
299900,2,2,2,Single Family,House,2,Somerset,Freehold,under 1/2 acre,1873.0,Gravel,3650.0,,Stone,Detached,,Crawl space,B0P1,B0P
649900,2,3,3,Single Family,House,1,Enfield,Freehold,3 - 10 acres,2021.0,Gravel,2700.0,"Oven - Propane, Dishwasher, Dryer - Electric, Washer, Refrigerator",Poured Concrete,Detached,Character,Full,B2T0,B2T
425000,7,7,2,Single Family,House,2,Wolfville,Freehold,under 1/2 acre,1957.0,,2020.0,"Range - Electric, Gas stove(s), Dishwasher, Dryer, Washer, Refrigerator",Poured Concrete,Detached,,Full (Partially finished),B4P1,B4P
759900,4,4,4,Single Family,House,2,Dartmouth,Freehold,under 1/2 acre,1989.0,"Garage, Attached Garage, Parking Space(s)",3745.0,"Stove, Dishwasher, Dryer, Washer, Refrigerator, Wine Fridge, Central Vacuum",Poured Concrete,Detached,,,B2V2,B2V
499000,3,3,2,Single Family,House,2,Jordan Falls,Freehold,3 - 10 acres,1880.0,,2288.0,"Range, Dishwasher, Dryer, Washer, Freezer - Chest, Refrigerator","Poured Concrete, Stone",Detached,,Crawl space,B0T1,B0T
149999,1,1,1,Single Family,House,1,Franey Corner,Freehold,3 - 10 acres,1995.0,,760.0,"Stove, Refrigerator",Concrete Block,Detached,,Crawl space,B0R1,B0R
529900,3,3,2,Single Family,House,1,Ostrea Lake,Freehold,3 - 10 acres,2019.0,"Garage, Detached Garage, Gravel",1569.0,"Oven - Electric, Dryer - Electric, Washer, Refrigerator","Poured Concrete, Concrete Slab",Detached,,None,B0J2,B0J
2150000,3,3,2,Single Family,House,2,Deep Cove,Freehold,1 - 3 acres,,"Garage, Attached Garage, Other",2774.0,,"Poured Concrete, Concrete Slab",Detached,,None,B0J1,B0J
2585000,3,3,3,Single Family,House,2,Deep Cove,Freehold,1 - 3 acres,,"Garage, Attached Garage, Other",3019.0,,"Poured Concrete, Concrete Slab",Detached,,None,B0J1,B0J
1752500,4,4,3,Single Family,House,2,Deep Cove,Freehold,1 - 3 acres,,Other,2348.0,,"Poured Concrete, Concrete Slab",Detached,,None,B0J1,B0J
2265000,3,3,2,Single Family,House,2,Deep Cove,Freehold,1 - 3 acres,,"Garage, Attached Garage, Other",2774.0,,"Poured Concrete, Concrete Slab",Detached,,None,B0J1,B0J
2345000,3,3,3,Single Family,House,2,Deep Cove,Freehold,1 - 3 acres,,"Garage, Attached Garage, Other",3019.0,,"Poured Concrete, Concrete Slab",Detached,,None,B0J1,B0J
1635000,4,4,3,Single Family,House,2,Deep Cove,Freehold,1 - 3 acres,,Other,2348.0,,"Poured Concrete, Concrete Slab",Detached,,None,B0J1,B0J
2525000,3,3,3,Single Family,House,2,Deep Cove,Freehold,1 - 3 acres,,"Garage, Attached Garage, Other",3019.0,,"Poured Concrete, Concrete Slab",Detached,,None,B0J1,B0J
209000,3,3,2,Single Family,House,2,Port Hawkesbury,Freehold,1/2 - 1 acre,1920.0,"Garage, Attached Garage, Gravel, Parking Space(s)",1368.0,"Stove, Refrigerator",Poured Concrete,Detached,,Full,B9A2,B9A
1199900,3,4,3,Single Family,House,2,Halifax Peninsula,Freehold,under 1/2 acre,,Parking Space(s),2686.0,"Stove, Dishwasher, Dryer, Washer, Microwave Range Hood Combo, Refrigerator",Poured Concrete,Detached,,,B3H3,B3H
189900,6,6,3,Single Family,Duplex,2,New Glasgow,Freehold,Unknown,,Gravel,2371.0,"Range - Electric, Refrigerator",Stone,Side by side,,Partial (Unfinished),B0K1,B0K
195000,3,3,1,Single Family,House,2,Kentville,Freehold,under 1/2 acre,1952.0,,1200.0,,Poured Concrete,Detached,,,B4N1,B4N
1695000,3,3,3,Single Family,House,1,Aspotogan,Freehold,1 - 3 acres,,Gravel,2508.0,"Cooktop, Oven, Dishwasher, Microwave, Refrigerator, Wine Fridge",Poured Concrete,Detached,Character,None,B0J1,B0J
719900,2,2,2,Single Family,Apartment,1,Halifax,Condominium/Strata,under 1/2 acre,,"Garage, Underground",877.0,"Cooktop - Electric, Oven - Electric, Dishwasher, Dryer, Washer, Refrigerator",Poured Concrete,,,None,B3K3,B3K
425000,2,3,2,Single Family,House,1,Lower Sackville,Freehold,1 - 3 acres,1991.0,"Garage, Detached Garage",1568.0,"Oven, Stove, Dishwasher, Dryer, Washer, Refrigerator",Poured Concrete,Detached,,,B4C4,B4C
419900,2,2,1,Single Family,Apartment,1,Halifax,Condominium/Strata,,1902.0,Parking Space(s),1150.0,"Range - Electric, Dishwasher, Dryer, Washer, Refrigerator",Poured Concrete,,,None,B3H2,B3H
389900,2,3,2,Single Family,House,1,Cole Harbour,Freehold,1 - 3 acres,1960.0,"Garage, Detached Garage, Gravel",1475.0,"Stove, Dishwasher, Dryer, Washer, Freezer - Stand Up, Refrigerator",Poured Concrete,Detached,Character,Full,B2V2,B2V
319000,3,4,2,Single Family,House,1,Middle Sackville,Freehold,under 1/2 acre,1978.0,,2000.0,"Range - Electric, Dishwasher, Dryer - Electric, Washer, Microwave, Refrigerator",Poured Concrete,Detached,Character,,B4E3,B4E
699900,3,4,4,Single Family,House,2,Lucasville,Freehold,1 - 3 acres,2021.0,"Garage, Attached Garage",2352.0,"Range - Electric, Dishwasher, Dryer - Electric, Washer, Refrigerator, Water softener",Poured Concrete,Detached,,,B4B0,B4B
469000,3,4,2,Single Family,House,1,Lower Sackville,Freehold,under 1/2 acre,1983.0,,2100.0,"Stove, Dryer, Washer, Refrigerator",Poured Concrete,Detached,,,B4C3,B4C
309900,0,3,2,Single Family,House,1,Lower Sackville,Freehold,under 1/2 acre,1993.0,,1340.0,"Stove, Dishwasher, Dryer, Washer, Refrigerator",Poured Concrete,Detached,,Full (Finished),B4C3,B4C
509900,3,3,2,Single Family,Apartment,1,Halifax,Condominium/Strata,under 1/2 acre,2003.0,"Garage, Underground",1632.0,"Oven - Electric, Dishwasher, Dryer, Washer, Refrigerator, Intercom",Poured Concrete,,4 Level,None,B3M4,B3M
484500,3,3,3,Single Family,House,2,Plymouth,Freehold,under 1/2 acre,2007.0,,2760.0,"Central Vacuum, Stove, Dishwasher, Dryer, Washer, Refrigerator",Poured Concrete,Detached,,Full (Partially finished),B2H5,B2H
500000,3,3,4,Single Family,House,2,Lucasville,Freehold,1 - 3 acres,2002.0,Gravel,2430.0,,Poured Concrete,Detached,,Full (Finished),B4B1,B4B
467000,2,2,2,Single Family,Apartment,1,Halifax,Condominium/Strata,under 1/2 acre,1990.0,"Garage, Underground, Parking Space(s)",1084.0,"Stove, Dishwasher, Dryer, Washer, Microwave Range Hood Combo, Refrigerator, Intercom",Poured Concrete,,,Full,B3N3,B3N
349900,3,3,2,Single Family,House,2,Dartmouth,Freehold,under 1/2 acre,,"Garage, Detached Garage",1572.0,"Range - Electric, Dryer, Washer, Refrigerator",Poured Concrete,Detached,3 Level,Full (Partially finished),B2Y3,B2Y
499000,2,2,1,Single Family,House,1,Blue Rocks,Freehold,3 - 10 acres,1989.0,Gravel,980.0,"Range - Electric, Washer, Refrigerator, Gas stove(s)",,Detached,,None,B0J2,B0J
599000,3,3,2,Single Family,House,2,Garden Lots,Freehold,under 1/2 acre,1880.0,,1667.0,,Stone,Detached,,Full (Partially finished),B0J2,B0J
999000,3,3,3,Single Family,Row / Townhouse,2,Halifax,Condominium/Strata,,1999.0,Parking Space(s),2065.0,"Stove, Dishwasher, Dryer, Washer, Refrigerator, Central Vacuum",Poured Concrete,,2 Level,None,B3N3,B3N
699900,3,3,2,Single Family,House,2,Pleasant Point,Freehold,1 - 3 acres,2007.0,"Garage, Detached Garage, Gravel",1604.0,"Range - Electric, Dishwasher, Refrigerator, Hot Tub",Concrete Slab,Detached,2 Level,None,B0J2,B0J
437000,3,3,2,Single Family,House,2,Wilmot,Freehold,10 - 49 acres,1989.0,"Garage, Detached Garage, Gravel",2208.0,"Stove, Refrigerator","Poured Concrete, Concrete Slab",Detached,Character,"Crawl space, None",B0P1,B0P
129900,1,1,1,Single Family,House,1,Burlington,Freehold,1 - 3 acres,,,632.0,"Range - Electric, Dishwasher, Dryer - Electric, Washer, Refrigerator",Concrete Block,Detached,,Crawl space,B0P1,B0P
324900,1,1,1,Single Family,House,1,Wittenburg,Freehold,10 - 49 acres,,"Garage, Detached Garage, Gravel",720.0,"Stove, Dryer, Washer, Refrigerator",Poured Concrete,Detached,,Full (Unfinished),B0N2,B0N
229000,3,3,2,Single Family,House,2,New Glasgow,Freehold,under 1/2 acre,,Gravel,1352.0,Dishwasher,Poured Concrete,Detached,,Full (Unfinished),B2H3,B2H
350000,6,6,2,Single Family,House,2,Hantsport,Freehold,under 1/2 acre,,"Garage, Detached Garage",2156.0,"Stove, Dryer, Washer, Refrigerator","Poured Concrete, Stone",Detached,,Full (Unfinished),B0P1,B0P
485000,4,4,2,Single Family,House,1,Kingston,Freehold,under 1/2 acre,2018.0,"Garage, Attached Garage",1950.0,"Oven - Propane, Range, Dryer, Washer, Refrigerator, Water softener",Concrete Slab,Detached,Character,None,B0P1,B0P
729900,6,6,4,Single Family,House,2,Dartmouth,Freehold,under 1/2 acre,2002.0,"Garage, Attached Garage",5400.0,,Concrete Slab,Detached,,None,B2W6,B2W
279900,3,3,1,Single Family,House,1,West Dover,Freehold,1/2 - 1 acre,1978.0,"Garage, Detached Garage, Gravel",1560.0,"Stove, Dishwasher, Dryer, Washer, Microwave Range Hood Combo, Refrigerator, Wine Fridge",Poured Concrete,Detached,Character,Crawl space,B3Z3,B3Z
159900,2,2,1,Single Family,Mobile Home,1,Bridgewater,Leasehold,,1997.0,,976.0,"Range, Dryer, Washer, Refrigerator",,,Mini,None,B4V4,B4V
469000,4,4,3,Single Family,House,3,Brooklyn,Freehold,1/2 - 1 acre,1871.0,"Garage, Detached Garage, Gravel",2787.0,"Stove, Dishwasher, Washer/Dryer Combo",Stone,Detached,,Unknown,B0J1,B0J
799900,8,8,8,Single Family,House,3,Liverpool,Freehold,under 1/2 acre,1895.0,,4116.0,,"Poured Concrete, Stone",Detached,3 Level,Full (Unfinished),B0T1,B0T
499900,2,4,2,Single Family,House,1,Bedford,Freehold,under 1/2 acre,1977.0,Gravel,1629.0,"Stove, Dishwasher, Dryer, Washer, Refrigerator, Hot Tub",Poured Concrete,Detached,,,B4A1,B4A
355000,4,4,3,Single Family,House,1,Centreville,Freehold,under 1/2 acre,,Gravel,2092.0,"Stove, Dryer, Washer, Refrigerator",Poured Concrete,Detached,,Crawl space,B0P1,B0P
250000,4,4,1,Single Family,House,1,West Gore,Freehold,1 - 3 acres,1980.0,"Garage, Detached Garage, Gravel",1230.0,,Concrete Block,Detached,,,B0N1,B0N
699900,2,4,3,Single Family,House,1,Port Dufferin,Freehold,100+ acres,2006.0,"Garage, Detached Garage, Gravel",2640.0,"Range - Electric, Dishwasher, Dryer - Electric, Washer, Refrigerator, Water purifier",Poured Concrete,Detached,,Full (Finished),B0J2,B0J
224900,3,3,1,Single Family,House,2,Milford,Freehold,under 1/2 acre,,"Garage, Detached Garage, Gravel, Other",1450.0,"Range, Stove, Dryer, Washer, Refrigerator",Poured Concrete,Detached,,,B0N1,B0N
204900,2,3,1,Single Family,House,1,Gays River,Freehold,1 - 3 acres,1986.0,"Garage, Attached Garage, Gravel",1676.0,"Cooktop - Propane, Oven - Propane, Dishwasher, Refrigerator, Water softener, Gas stove(s)","Concrete Block, Poured Concrete",Detached,Character,Full (Partially finished),B0N2,B0N
749900,3,4,2,Single Family,House,2,Wedgewood,Freehold,under 1/2 acre,1984.0,,3600.0,None,Poured Concrete,Detached,Contemporary,Full (Finished),B3M2,B3M
929000,3,4,4,Single Family,House,2,West Bedford,Freehold,1/2 - 1 acre,2017.0,"Garage, Attached Garage",3208.0,,Poured Concrete,Detached,2 Level,,B4B0,B4B
649900,3,6,2,Single Family,Duplex,1,Bedford,Freehold,under 1/2 acre,1992.0,,2400.0,,Poured Concrete,Up and down,2 Level,Full (Finished),B4A3,B4A
1680000,2,3,3,Single Family,House,2,Musquodoboit Harbour,Freehold,3 - 10 acres,2001.0,"Garage, Detached Garage, Gravel",5028.0,"Oven - Electric, Dishwasher, Dryer, Washer, Refrigerator, Central Vacuum",Poured Concrete,Detached,,,B0J2,B0J
1398000,4,5,3,Single Family,House,2,Halifax,Freehold,under 1/2 acre,1936.0,"Garage, Attached Garage",3340.0,"Range - Gas, Dishwasher, Dryer, Washer, Refrigerator, Gas stove(s)",Poured Concrete,Detached,,Full (Finished),B3H2,B3H
599900,3,4,4,Single Family,House,2,Fairview,Freehold,under 1/2 acre,1945.0,"Garage, Attached Garage",3250.0,"Range, Dishwasher, Dryer, Washer, Refrigerator, Central Vacuum",Poured Concrete,Detached,2 Level,Full (Finished),B3N2,B3N
765000,3,3,4,Single Family,House,2,Dartmouth,Freehold,under 1/2 acre,1970.0,Garage,2925.0,"Range, Dishwasher, Dryer, Washer, Microwave Range Hood Combo, Refrigerator",Poured Concrete,Detached,,Full (Partially finished),B3A3,B3A
379900,2,3,2,Single Family,House,1,Lower Sackville,Freehold,under 1/2 acre,1976.0,"Garage, Detached Garage",1553.0,,Poured Concrete,Detached,,Full (Finished),B4C3,B4C
499900,3,3,4,Single Family,Row / Townhouse,2,Middle Sackville,Freehold,under 1/2 acre,2015.0,"Garage, Attached Garage",1738.0,"Stove, Dishwasher, Dryer, Washer, Microwave Range Hood Combo, Refrigerator",Poured Concrete,,,,B4E0,B4E
489000,2,3,2,Single Family,Duplex,2,Musquodoboit Harbour,Freehold,under 1/2 acre,1979.0,Gravel,1730.0,"Stove, Dryer, Washer, Refrigerator",Poured Concrete,Up and down,,,B0J2,B0J
599900,3,3,2,Single Family,House,1,Springfield,Freehold,1 - 3 acres,2010.0,"Garage, Detached Garage, Gravel",2133.0,"None, Central Vacuum",Poured Concrete,Detached,Character,,B0R1,B0R
189900,4,4,1,Single Family,House,2,Canning,Freehold,under 1/2 acre,,,1792.0,"Stove, Dryer, Washer, Refrigerator",Stone,Detached,,Crawl space,B0P1,B0P
399900,2,2,2,Single Family,House,1,Bedford,Freehold,1/2 - 1 acre,1952.0,,851.0,"Stove, Dishwasher, Dryer, Washer, Microwave Range Hood Combo, Refrigerator","Concrete Block, Poured Concrete",Detached,Character,,B4A2,B4A
324900,2,2,2,Single Family,House,1,Cambridge,Freehold,under 1/2 acre,2013.0,"Garage, Attached Garage, Gravel, Covered",1049.0,"Stove, Dishwasher, Microwave Range Hood Combo, Refrigerator",Poured Concrete,Semi-detached,Character,None,B0P1,B0P
499900,3,4,4,Single Family,House,2,Halifax,Freehold,under 1/2 acre,1997.0,,2168.0,"Range - Electric, Dishwasher, Dryer - Electric, Washer, Refrigerator",Poured Concrete,Semi-detached,,Full (Finished),B3M4,B3M
869900,4,4,2,Single Family,House,2,Halifax,Freehold,under 1/2 acre,1925.0,"Garage, Detached Garage",2262.0,"Stove, Dishwasher, Dryer, Washer, Freezer, Microwave, Refrigerator",Poured Concrete,Detached,,,B3H3,B3H
299900,3,3,1,Single Family,House,2,Eastern Passage,Freehold,under 1/2 acre,,"Garage, Detached Garage",1344.0,"Stove, Dryer, Washer, Refrigerator",Poured Concrete,Detached,,Full (Unfinished),A1A1,A1A
446000,3,3,2,Single Family,House,1,Williamswood,Freehold,1 - 3 acres,2019.0,,1784.0,"Range - Electric, Dishwasher, Dryer - Electric, Washer, Refrigerator, Hot Tub",Concrete Slab,Detached,,None,B3V1,B3V
525000,3,3,4,Single Family,House,2,Beaver Bank,Freehold,1/2 - 1 acre,2005.0,,2594.0,"Stove, Dishwasher, Dryer, Washer, Refrigerator",Poured Concrete,Detached,,,B4G1,B4G
639900,3,3,2,Single Family,House,2,Cambridge,Freehold,1/2 - 1 acre,2001.0,"Garage, Attached Garage",3632.0,"Range - Electric, Dishwasher, Dryer - Electric, Washer, Microwave, Refrigerator, Central Vacuum",Poured Concrete,Detached,Cape Cod,Full (Partially finished),B0P1,B0P
750000,2,4,4,Single Family,House,1,Dartmouth,Freehold,under 1/2 acre,2014.0,"Garage, Attached Garage",2494.0,"Range, Dishwasher, Dryer, Washer, Microwave, Refrigerator, Central Vacuum",Poured Concrete,Detached,Character,,B3A0,B3A
244900,2,2,1,Single Family,House,1,Lower South River,Freehold,under 1/2 acre,1963.0,Gravel,1536.0,,Poured Concrete,Detached,Character,,B2G2,B2G
89900,2,2,1,Single Family,House,2,New Glasgow,Freehold,under 1/2 acre,,Gravel,825.0,"Range - Electric, Dryer, Washer, Refrigerator",Concrete Block,Detached,Character,Crawl space,B2H3,B2H
790000,2,2,2,Single Family,House,2,Louis Head,Freehold,10 - 49 acres,,"Garage, Detached Garage, Gravel",1780.0,"Range, Dishwasher, Dryer, Washer, Freezer - Stand Up, Refrigerator",Stone,Detached,,Crawl space,B0T1,B0T
450000,4,4,2,Single Family,House,2,Dartmouth,Freehold,under 1/2 acre,1976.0,"Garage, Attached Garage",1982.0,,Poured Concrete,Detached,,,B2V1,B2V
499900,3,3,3,Single Family,House,2,Bedford,Freehold,under 1/2 acre,1996.0,"Garage, Attached Garage",1902.0,"Stove, Dishwasher, Dryer, Washer, Refrigerator",Poured Concrete,Semi-detached,3 Level,,B4A3,B4A
499900,3,3,2,Single Family,House,1,Hubley,Freehold,under 1/2 acre,1980.0,Gravel,1795.0,,Poured Concrete,Detached,Character,,B3Z4,B3Z
798000,3,3,2,Single Family,House,2,Leminster,Freehold,50 - 100 acres,1922.0,Gravel,1400.0,"Central Vacuum, Stove, Dishwasher, Dryer, Washer, Refrigerator","Poured Concrete, Stone",Detached,,Crawl space,B0N2,B0N
599000,4,5,6,Single Family,House,2,Kingston,Freehold,under 1/2 acre,2007.0,"Garage, Detached Garage",4064.0,"Central Vacuum, Cooktop - Propane, Dishwasher, Dryer, Washer, Freezer - Stand Up",Poured Concrete,Detached,,Full (Finished),B0P1,B0P
320000,3,3,2,Single Family,House,2,Truro,Freehold,under 1/2 acre,1955.0,,1704.0,"Stove, Dishwasher, Dryer, Washer, Refrigerator",Poured Concrete,Detached,,,B2N1,B2N
749000,5,5,2,Single Family,House,2,Dartmouth,Freehold,under 1/2 acre,,Parking Space(s),1500.0,"Stove, Microwave, Refrigerator",Poured Concrete,Detached,,,B2Y1,B2Y
519000,3,3,4,Single Family,House,2,Hubley,Freehold,1/2 - 1 acre,2008.0,"Garage, Detached Garage, Gravel",2618.0,"Stove, Dishwasher, Dryer, Washer, Microwave Range Hood Combo, Refrigerator",Poured Concrete,Detached,,,B3Z4,B3Z
199900,3,3,2,Single Family,House,2,Bridgewater,Freehold,under 1/2 acre,,,1186.0,"Range, Refrigerator",Poured Concrete,Detached,,Full (Unfinished),B4V1,B4V
839900,3,3,4,Single Family,House,2,Timberlea,Freehold,under 1/2 acre,,"Garage, Attached Garage",2319.0,None,Poured Concrete,Detached,,,B3T0,B3T
369900,3,3,2,Single Family,House,1,Lower Sackville,Freehold,under 1/2 acre,1973.0,,2050.0,"Stove, Dishwasher, Dryer, Washer, Microwave Range Hood Combo, Refrigerator",Poured Concrete,Detached,Character,Full (Finished),B4C1,B4C
779000,3,4,4,Single Family,House,2,West Bedford,Freehold,under 1/2 acre,2015.0,"Garage, Attached Garage",2892.0,"Range, Stove, Dryer, Washer, Refrigerator",Poured Concrete,Detached,,,B4B1,B4B
1285900,4,5,4,Single Family,House,2,Middle Sackville,Freehold,1 - 3 acres,,"Garage, Attached Garage, Gravel",3879.0,"Range - Electric, Dishwasher, Dryer, Washer, Refrigerator, Wine Fridge",Poured Concrete,Detached,,,B0N1,B0N
749000,4,4,4,Single Family,House,2,Hammonds Plains,Freehold,1 - 3 acres,2006.0,"Garage, Attached Garage",3845.0,,Poured Concrete,Detached,,,B4B2,B4B
300000,3,3,3,Single Family,Row / Townhouse,2,Clayton Park,Condominium/Strata,under 1/2 acre,1979.0,,1798.0,,Poured Concrete,,2 Level,,B3M3,B3M
1200000,1,3,3,Single Family,House,1,Mount Uniacke,Freehold,1 - 3 acres,2011.0,"Garage, Attached Garage, Gravel",3314.0,"Gas stove(s), Dishwasher, Dryer - Electric, Washer, Microwave, Refrigerator, Central Vacuum",Poured Concrete,Detached,Character,,B0N1,B0N
475000,3,5,4,Single Family,House,1,Halifax,Freehold,under 1/2 acre,1975.0,"Garage, Attached Garage",2826.0,,Poured Concrete,Detached,,,B3M1,B3M
350000,2,4,2,Single Family,House,1,Centreville,Freehold,under 1/2 acre,1988.0,Gravel,2106.0,,Poured Concrete,Detached,,Full (Finished),B0P1,B0P
729900,2,2,2,Single Family,Apartment,1,Halifax,Condominium/Strata,under 1/2 acre,2007.0,"Garage, Underground",1281.0,,Poured Concrete,,,None,B3K0,B3K
699900,4,4,3,Single Family,House,3,Hubbards,Freehold,1 - 3 acres,2020.0,Gravel,2717.0,"Cooktop - Propane, Oven - Electric, Dryer - Electric, Washer, Refrigerator",Poured Concrete,Detached,,,B0J1,B0J
699000,3,3,2,Single Family,House,2,Bridgewater,Freehold,under 1/2 acre,,"Garage, Attached Garage, Parking Space(s)",2820.0,"Cooktop - Propane, Oven - Electric, Dishwasher, Refrigerator, Gas stove(s)","Poured Concrete, Concrete Slab",Detached,,None,B4V9,B4V
1195000,5,5,3,Single Family,House,3,Halifax,Freehold,under 1/2 acre,1918.0,,2682.0,"Stove, Dishwasher, Dryer, Washer, Freezer, Microwave, Refrigerator",Poured Concrete,Detached,3 Level,Full,B3H3,B3H
365000,0,3,2,Single Family,House,1,Eastern Passage,Freehold,under 1/2 acre,,,1458.0,"Stove, Dishwasher, Dryer, Washer, Refrigerator, Central Vacuum",Poured Concrete,Detached,,,B3G1,B3G
499000,3,3,3,Single Family,House,2,Westville,Freehold,1/2 - 1 acre,2011.0,"Garage, Detached Garage",1630.0,"Range, Dishwasher, Dryer, Washer, Refrigerator, Wine Fridge",Poured Concrete,Detached,,,B0K2,B0K
699900,3,3,3,Single Family,House,2,Beaver Bank,Freehold,1 - 3 acres,2004.0,"Garage, Attached Garage",1856.0,"Range, Stove, Dishwasher, Dryer, Washer, Microwave, Central Vacuum",Poured Concrete,Detached,Cape Cod,Full (Partially finished),B4E3,B4E
800000,3,4,4,Single Family,House,2,Fall River,Freehold,1 - 3 acres,2010.0,"Garage, Attached Garage, Detached Garage",3278.0,Central Vacuum,Poured Concrete,Detached,,Full (Finished),B2T0,B2T
700000,3,4,3,Single Family,House,1,Fall River,Freehold,1 - 3 acres,1999.0,"Garage, Gravel",3653.0,,Poured Concrete,Detached,Character,Full (Finished),B2T1,B2T
475000,3,4,1,Single Family,House,1,Fall River,Freehold,under 1/2 acre,1979.0,"Garage, Detached Garage",2038.0,,Poured Concrete,Detached,Chalet,Full (Finished),B2T1,B2T
849900,2,2,2,Single Family,Apartment,1,Halifax,Condominium/Strata,under 1/2 acre,2018.0,"Garage, Underground, Other",1425.0,"Range, Dishwasher, Dryer, Washer, Microwave, Refrigerator",Poured Concrete,,,Unknown,B3H0,B3H
619000,2,2,1,Single Family,House,1,Halifax,Freehold,under 1/2 acre,1953.0,Garage,1592.0,"Range, Dishwasher, Dryer, Washer, Refrigerator",Poured Concrete,Detached,Character,,B3N1,B3N
549900,3,3,4,Single Family,House,2,Halifax,Freehold,under 1/2 acre,2018.0,"Garage, Attached Garage",1905.0,"Barbeque, Range - Electric, Dishwasher, Dryer - Electric, Washer, Microwave Range Hood Combo, Refrigerator",Poured Concrete,Detached,3 Level,Full (Finished),B3P0,B3P
425000,3,4,3,Single Family,House,1,Cole Harbour,Freehold,under 1/2 acre,1983.0,"Garage, Attached Garage",2289.0,"Stove, Dishwasher, Dryer, Washer, Microwave, Refrigerator",Poured Concrete,Detached,,Full (Finished),B2V1,B2V
439000,3,3,1,Single Family,House,2,Lunenburg,Freehold,1/2 - 1 acre,1855.0,Gravel,1371.0,"Barbeque, Range - Electric, Dishwasher, Dryer, Washer, Refrigerator",Stone,Detached,,Full (Unfinished),B0J2,B0J
799900,3,4,4,Single Family,House,2,Upper Tantallon,Freehold,1/2 - 1 acre,2014.0,"Garage, Attached Garage",3500.0,"Range, Dishwasher, Dryer, Washer, Microwave Range Hood Combo, Refrigerator",Poured Concrete,Detached,,Full (Partially finished),B3Z1,B3Z
525000,4,4,3,Single Family,House,2,Nictaux,Freehold,1/2 - 1 acre,1974.0,"Garage, Detached Garage",2448.0,,Poured Concrete,Detached,,Full (Partially finished),B0S1,B0S
489900,3,3,3,Single Family,House,2,Hammonds Plains,Freehold,1 - 3 acres,1996.0,"Garage, Gravel",1728.0,"Central Vacuum, Stove, Dishwasher, Dryer, Washer, Refrigerator",Poured Concrete,Detached,,,B4B1,B4B
169000,3,3,1,Single Family,Mobile Home,1,Middle Sackville,Leasehold,under 1/2 acre,2006.0,,896.0,"Stove, Dryer, Washer, Refrigerator",,,Mini,None,B4C1,B4C
749900,4,4,3,Single Family,House,2,Bedford,Freehold,under 1/2 acre,1984.0,"Garage, Attached Garage",2741.0,"Range - Electric, Dishwasher, Dryer - Electric, Washer, Microwave, Refrigerator",Poured Concrete,Detached,,,B4A3,B4A
349900,2,2,2,Single Family,Row / Townhouse,1,Bible Hill,Freehold,under 1/2 acre,2019.0,Garage,1050.0,"Stove, Dishwasher, Dryer, Washer, Microwave Range Hood Combo, Refrigerator","Poured Concrete, Concrete Slab",,Character,None,B2N0,B2N
374900,3,5,2,Single Family,House,1,Greenwood,Freehold,under 1/2 acre,2003.0,"Garage, Attached Garage",2362.0,"Dishwasher, Central Vacuum",Poured Concrete,Detached,,Full (Finished),B0P1,B0P
799000,4,4,4,Single Family,House,2,Middle Sackville,Freehold,1 - 3 acres,2016.0,"Garage, Attached Garage, Detached Garage, Gravel",3494.0,"Stove, Dishwasher, Dryer, Washer/Dryer Combo, Refrigerator, Central Vacuum",Poured Concrete,Detached,,Full,B4E0,B4E
499900,3,4,4,Single Family,House,2,Halifax,Freehold,under 1/2 acre,2019.0,,1957.0,"Stove, Dishwasher, Dryer, Washer, Microwave Range Hood Combo, Refrigerator",Poured Concrete,Detached,,Full (Finished),B3P0,B3P
439000,3,3,2,Single Family,House,2,Dartmouth,Freehold,under 1/2 acre,1959.0,"Garage, Detached Garage",1582.0,"Stove, Dishwasher, Dryer, Washer, Microwave, Refrigerator",Poured Concrete,Detached,Character,Full (Finished),B3A2,B3A
499000,2,2,2,Single Family,Apartment,1,Halifax,Condominium/Strata,,2003.0,"Garage, Underground, Parking Space(s)",1550.0,"Stove, Dishwasher, Dryer, Washer, Refrigerator",Poured Concrete,,,None,B3M4,B3M
479900,2,2,2,Single Family,Apartment,2,Halifax Peninsula,Condominium/Strata,,2016.0,"Garage, Underground, Parking Space(s)",953.0,"Range, Dishwasher, Dryer, Washer, Microwave, Refrigerator, Intercom",,,,None,B3K0,B3K
399900,1,1,1,Single Family,Apartment,1,Dartmouth,Condominium/Strata,under 1/2 acre,1986.0,"Garage, Underground",911.0,"Stove, Dishwasher, Dryer, Washer, Microwave Range Hood Combo, Refrigerator, Intercom",Poured Concrete,,,Unknown,B2Y4,B2Y
1060000,3,3,4,Single Family,House,2,Cole Harbour,Freehold,under 1/2 acre,1993.0,"Garage, Attached Garage",3859.0,"Stove, Dishwasher, Dryer, Washer, Microwave Range Hood Combo, Refrigerator",Poured Concrete,Detached,,Full (Finished),B2V2,B2V
349900,2,2,2,Single Family,Apartment,1,Halifax,Condominium/Strata,Unknown,2010.0,"Garage, Underground",1224.0,"Stove, Dishwasher, Washer/Dryer Combo, Refrigerator",Poured Concrete,,None,,B3N0,B3N
958000,4,4,4,Single Family,House,2,Halifax,Freehold,under 1/2 acre,2009.0,Garage,4080.0,"Cooktop - Electric, Oven - Electric, Dishwasher, Dryer - Electric, Washer, Refrigerator, Central Vacuum",Poured Concrete,Detached,,,B3N3,B3N
224900,2,2,1,Single Family,House,1,Dartmouth,Freehold,under 1/2 acre,1962.0,Gravel,664.0,"Stove, Dryer, Washer, Refrigerator",Concrete Block,Detached,Character,Crawl space,B2Y2,B2Y
349900,3,3,1,Single Family,House,2,Dartmouth,Freehold,under 1/2 acre,1957.0,,1313.0,,Poured Concrete,Detached,,Full (Unfinished),B2Y3,B2Y
689000,3,3,2,Single Family,House,1,Hubley,Freehold,1/2 - 1 acre,2015.0,"Garage, Attached Garage, Detached Garage",1992.0,,Concrete Slab,Detached,Character,None,B3Z1,B3Z
399900,3,5,3,Single Family,House,1,Middle Sackville,Freehold,under 1/2 acre,1996.0,"Garage, Attached Garage, Gravel",2250.0,"Range - Electric, Dishwasher, Dryer - Electric, Washer, Refrigerator",Poured Concrete,Detached,Character,,B4E3,B4E
1200000,6,6,4,Single Family,House,2,Lakeview,Freehold,1 - 3 acres,1983.0,"Garage, Detached Garage, Gravel",4065.0,Central Vacuum,Poured Concrete,Detached,,,B4C4,B4C
259900,3,3,1,Single Family,House,2,Lower Sackville,Freehold,under 1/2 acre,1972.0,,1403.0,,Poured Concrete,Detached,,,B4C1,B4C
469900,2,2,3,Single Family,House,1,Middle Sackville,Freehold,under 1/2 acre,2010.0,"Garage, Attached Garage",1864.0,"Oven, Dishwasher, Dryer, Washer, Refrigerator",Poured Concrete,Detached,2 Level,,B4E0,B4E
525000,3,3,2,Single Family,House,2,East Petpeswick,Freehold,1 - 3 acres,,"Garage, Attached Garage, Gravel",1735.0,"Stove, Dishwasher, Dryer, Washer, Microwave, Refrigerator, Central Vacuum",Poured Concrete,Detached,,Crawl space,B0J2,B0J
345000,3,4,2,Single Family,House,1,New Glasgow,Freehold,under 1/2 acre,1999.0,,2400.0,"Range - Electric, Dishwasher, Garburator, Refrigerator",Poured Concrete,Detached,Character,Full (Finished),B2H5,B2H
230000,4,4,2,Single Family,House,2,Stellarton,Freehold,1/2 - 1 acre,,Gravel,1500.0,"Dishwasher, Dryer, Washer, Refrigerator",Concrete Block,Detached,,,B0K1,B0K
315000,3,3,3,Single Family,House,2,Greenwood,Freehold,1 - 3 acres,2012.0,"Garage, Attached Garage",2400.0,"Range - Electric, Dishwasher, Refrigerator",Poured Concrete,Semi-detached,,Full (Partially finished),B0P1,B0P
125000,4,4,2,Single Family,House,2,Parrsboro,Freehold,1/2 - 1 acre,1860.0,"Garage, Detached Garage, Gravel",2084.0,"Range, Dryer, Washer, Refrigerator",Stone,Detached,,,B0M1,B0M
379900,2,3,2,Single Family,House,1,Elmsdale,Freehold,under 1/2 acre,1997.0,"Garage, Detached Garage, Gravel",1872.0,,Poured Concrete,Detached,,Full (Finished),B2S1,B2S
399900,4,4,3,Single Family,House,2,Prospect Village,Freehold,under 1/2 acre,1966.0,"Garage, Detached Garage, Parking Space(s)",2853.0,"Oven, Dryer, Washer, Refrigerator",Poured Concrete,Detached,,,B3T1,B3T
379000,4,4,2,Single Family,House,2,Stellarton,Freehold,under 1/2 acre,,Gravel,2000.0,"Stove, Dryer, Washer, Refrigerator",Poured Concrete,Detached,,Full (Unfinished),B0K1,B0K
479000,2,2,2,Single Family,Apartment,1,Bedford,Condominium/Strata,,2003.0,"Garage, Underground, Parking Space(s)",1215.0,"Stove, Dishwasher, Dryer, Washer, Microwave, Refrigerator",Concrete Block,,Other,Unknown,B4A2,B4A
187900,2,2,1,Single Family,House,1,Fall River,Unknown,,2014.0,None,784.0,"Stove, Dryer, Washer, Refrigerator",,Detached,Mini,None,B2T1,B2T
350000,3,3,4,Single Family,House,2,Hantsport,Freehold,under 1/2 acre,1922.0,"Garage, Attached Garage",4300.0,,Poured Concrete,Detached,Contemporary,Full (Unfinished),B0P1,B0P
149900,2,2,1,Single Family,House,1,Sheet Harbour,Freehold,1/2 - 1 acre,1992.0,Gravel,1428.0,,Poured Concrete,Detached,Character,Full (Partially finished),B0J3,B0J
374900,3,3,1,Single Family,House,2,Wentworth,Freehold,1 - 3 acres,2015.0,Gravel,924.0,"Range, Refrigerator, Hot Tub",Poured Concrete,Detached,,Crawl space,B0M1,B0M
450000,0,1,2,Single Family,House,1,Dartmouth,Freehold,under 1/2 acre,1976.0,,1609.0,,Poured Concrete,Detached,Character,Full (Finished),B2W4,B2W
249900,1,1,1,Single Family,House,1,Seabright,Freehold,under 1/2 acre,,Gravel,1090.0,"Stove, Dryer, Washer, Microwave, Refrigerator","Concrete Block, Poured Concrete",Detached,Character,Full (Finished),B3Z3,B3Z
335000,2,2,2,Single Family,House,1,Cole Harbour,Freehold,under 1/2 acre,1976.0,"Garage, Detached Garage",1716.0,,Poured Concrete,Detached,,,B2V1,B2V
649900,2,3,2,Single Family,House,1,Middle Sackville,Freehold,1 - 3 acres,2019.0,"Garage, Gravel",1655.0,,Poured Concrete,Detached,,,B4E0,B4E
409000,2,3,2,Single Family,House,1,West Porters Lake,Freehold,1 - 3 acres,2011.0,"Garage, Detached Garage, Gravel",2200.0,"Oven - Electric, Dishwasher, Dryer, Washer, Refrigerator",Poured Concrete,Detached,,,B3E1,B3E
685000,3,4,3,Single Family,House,1,Dartmouth,Freehold,under 1/2 acre,2009.0,"Garage, Attached Garage",2998.0,"Range - Gas, Dishwasher, Dryer - Electric, Washer, Refrigerator, Central Vacuum",Poured Concrete,Detached,,Full (Finished),B2W0,B2W
489000,2,2,2,Single Family,House,2,Tennecape,Freehold,,2015.0,"Garage, Detached Garage, Gravel",1365.0,"Range - Electric, Dishwasher, Dryer - Electric, Washer, Refrigerator","Poured Concrete, Concrete Slab",Detached,,None,B0N2,B0N
245000,2,4,2,Single Family,House,2,Kentville,Freehold,under 1/2 acre,1955.0,Gravel,2000.0,"Range - Electric, Refrigerator",Poured Concrete,Detached,,Full (Finished),B4N1,B4N
2490000,5,5,5,Single Family,House,3,Halifax,Freehold,under 1/2 acre,1924.0,"Garage, Detached Garage",5738.0,"Dishwasher, Dryer, Washer, Refrigerator",Poured Concrete,Detached,,,B3H2,B3H
549900,3,3,3,Single Family,House,2,Herring Cove,Freehold,1/2 - 1 acre,1918.0,Gravel,2334.0,"Cooktop - Propane, Oven, Dishwasher, Dryer, Washer, Microwave, Refrigerator",Concrete Block,Detached,,Partial,B3V1,B3V
489900,2,3,2,Single Family,House,1,Halifax,Freehold,under 1/2 acre,1949.0,Garage,1362.0,"Stove, Dryer, Washer, Washer/Dryer Combo, Refrigerator",Concrete Block,Detached,Character,Full (Finished),B3L1,B3L
99900,3,3,1,Single Family,Mobile Home,1,Rhodes Corner,Freehold,1/2 - 1 acre,,,850.0,"Stove, Refrigerator",,,,None,B4V5,B4V
599900,4,4,3,Single Family,House,2,New Minas,Freehold,1/2 - 1 acre,1980.0,,2263.0,"Dishwasher, Dryer, Washer, Refrigerator",Poured Concrete,Detached,,Full (Partially finished),B4N4,B4N
398900,3,3,2,Single Family,House,1,Millville,Freehold,1 - 3 acres,,"Garage, Attached Garage, Gravel",1300.0,None,"Poured Concrete, Concrete Slab",Detached,Character,None,B0P1,B0P
319900,3,4,3,Single Family,House,2,Middle Sackville,Freehold,1/2 - 1 acre,1987.0,,1720.0,"Stove, Dishwasher, Dryer, Washer, Refrigerator",Poured Concrete,Semi-detached,,Full (Finished),B4E2,B4E
299900,3,3,2,Single Family,House,1,Middle Sackville,Freehold,under 1/2 acre,1963.0,,1242.0,,Poured Concrete,Detached,Character,Crawl space,B4E3,B4E
335000,3,3,2,Single Family,House,1,Lower Sackville,Freehold,under 1/2 acre,1971.0,"Garage, Detached Garage",1802.0,,Poured Concrete,Detached,Character,,B4C1,B4C
189900,3,3,1,Single Family,House,1,Riverside,Freehold,1/2 - 1 acre,1969.0,"Garage, Detached Garage, Gravel",864.0,"Stove, Washer/Dryer Combo, Refrigerator, Water softener",Poured Concrete,Detached,Character,Full (Unfinished),B0N2,B0N
125000,2,2,1,Single Family,Mobile Home,1,Newport Corner,Freehold,1/2 - 1 acre,1970.0,Gravel,604.0,"Dryer, Washer",,,Mini,None,B0N1,B0N
475000,4,4,2,Single Family,House,2,Halifax,Freehold,under 1/2 acre,1953.0,,1671.0,"Cooktop - Propane, Oven, Dishwasher, Dryer, Washer, Refrigerator",Poured Concrete,Detached,,Full (Partially finished),B3N1,B3N
349900,3,3,3,Single Family,House,2,Cole Harbour,Freehold,under 1/2 acre,2001.0,,1889.0,,Poured Concrete,Semi-detached,,,B2V2,B2V
624900,4,4,2,Single Family,House,2,Halifax,Freehold,under 1/2 acre,1953.0,,1728.0,"Stove, Refrigerator",Poured Concrete,Detached,,Full (Unfinished),B3K2,B3K
599900,4,4,2,Single Family,House,2,Halifax,Freehold,under 1/2 acre,1952.0,"Garage, Detached Garage",2020.0,"Stove, Dishwasher, Dryer, Washer, Refrigerator",Poured Concrete,Detached,,Full,B3H3,B3H
362000,3,3,1,Single Family,House,2,Prospect,Freehold,under 1/2 acre,,"Gravel, Covered",1550.0,,Poured Concrete,Detached,,Full,B3T4,B3T
649000,3,4,4,Single Family,House,1,Dartmouth,Freehold,1/2 - 1 acre,2002.0,"Garage, Attached Garage",3484.0,"Central Vacuum, Stove, Dishwasher, Dryer - Electric, Washer, Microwave, Microwave Range Hood Combo, Refrigerator",Poured Concrete,Detached,Character,Partial (Partially finished),B2Z1,B2Z
598000,3,3,2,Single Family,House,1,Lower Branch,Freehold,1 - 3 acres,,"Garage, Attached Garage, Gravel",1712.0,,Concrete Slab,Detached,Character,None,B4V8,B4V
374900,2,4,3,Single Family,House,1,Ardoise,Freehold,1 - 3 acres,2008.0,,2100.0,None,Poured Concrete,Detached,Character,Full (Finished),B0N1,B0N
349999,3,4,2,Single Family,House,1,Middleton,Freehold,under 1/2 acre,1972.0,"Garage, Attached Garage",1887.0,"Stove, Dishwasher, Refrigerator",Poured Concrete,Detached,,,B0S1,B0S
224900,2,2,1,Single Family,House,1,Brooklyn,Freehold,1 - 3 acres,1994.0,Gravel,1144.0,"Stove, Dryer, Washer, Refrigerator",Poured Concrete,Detached,Character,Full (Partially finished),B0N2,B0N
299000,2,4,1,Single Family,House,2,Paradise,Freehold,3 - 10 acres,1994.0,,1583.0,"Stove, Dishwasher, Dryer, Washer, Microwave, Refrigerator",Poured Concrete,Detached,,Full (Finished),B0S1,B0S
465000,4,4,3,Single Family,House,2,Meadowvale,Freehold,1/2 - 1 acre,2008.0,"Garage, Attached Garage",2312.0,"Stove, Dishwasher, Dryer - Electric, Washer, Microwave Range Hood Combo, Refrigerator, Water softener",Concrete Slab,Detached,,None,B0P1,B0P
399900,3,3,2,Single Family,House,2,Falmouth,Freehold,under 1/2 acre,1994.0,Garage,1872.0,"Cooktop - Gas, Oven - Electric, Dishwasher, Dryer, Washer, Garburator, Refrigerator, Gas stove(s)",Poured Concrete,Detached,,Full (Partially finished),B0P1,B0P
625000,3,4,4,Single Family,House,2,Middle Sackville,Freehold,under 1/2 acre,2019.0,,2688.0,"Stove, Dishwasher, Dryer, Washer, Microwave Range Hood Combo, Refrigerator",Poured Concrete,Detached,,,B4E0,B4E
575000,3,5,3,Single Family,House,1,Fall River,Freehold,1 - 3 acres,1991.0,"Garage, Attached Garage, Detached Garage",2660.0,"Range - Electric, Dishwasher, Dryer - Electric, Washer, Microwave Range Hood Combo, Refrigerator, Water softener, Central Vacuum",Poured Concrete,Detached,Character,Full (Partially finished),B2T1,B2T
389900,3,3,3,Single Family,House,2,Bible Hill,Freehold,1/2 - 1 acre,1994.0,Garage,2021.0,"Stove, Dishwasher, Dryer, Washer, Refrigerator",Poured Concrete,Detached,,Full,B6L3,B6L
150000,4,4,1,Single Family,House,2,Country Harbour,Freehold,1 - 3 acres,1911.0,Gravel,1263.0,"Stove, Dryer, Washer, Refrigerator","Concrete Block, Stone",Detached,,Crawl space,B0H1,B0H
849900,2,5,2,Single Family,House,1,Halifax,Freehold,under 1/2 acre,,,2622.0,"Range, Dishwasher, Dryer, Washer, Microwave, Refrigerator",Poured Concrete,Detached,Character,,B3H2,B3H
469900,2,2,2,Single Family,House,1,Dartmouth,Freehold,under 1/2 acre,2000.0,"Garage, Attached Garage",1485.0,"Stove, Dishwasher, Washer/Dryer Combo, Microwave Range Hood Combo, Refrigerator, Central Vacuum",Concrete Slab,Detached,Character,None,B2W6,B2W
679900,4,5,4,Single Family,House,2,Cole Harbour,Freehold,under 1/2 acre,1991.0,"Garage, Attached Garage",3737.0,"Stove, Dishwasher, Dryer, Washer, Refrigerator",Poured Concrete,Detached,,Full (Finished),B2V2,B2V
449900,3,3,4,Single Family,Row / Townhouse,2,Dartmouth,Freehold,under 1/2 acre,2008.0,"Garage, Attached Garage",2068.0,"Stove, Dishwasher, Dryer, Washer, Refrigerator, Central Vacuum",Poured Concrete,,,,B2W0,B2W
449900,2,4,3,Single Family,House,1,Dartmouth,Freehold,under 1/2 acre,,,1710.0,"Stove, Dishwasher, Dryer, Washer, Refrigerator",Poured Concrete,Detached,Character,,B2W2,B2W
399900,3,4,4,Single Family,House,2,Bedford,Freehold,under 1/2 acre,1992.0,Garage,2149.0,"Stove, Dishwasher, Dryer, Washer, Refrigerator",Poured Concrete,Detached,,,B4A3,B4A
229900,3,3,2,Single Family,House,2,Falmouth,Freehold,1 - 3 acres,1945.0,"Garage, Detached Garage, Gravel",979.0,"Stove, Dryer, Washer, Refrigerator",Poured Concrete,Detached,,Full (Unfinished),B0P1,B0P
449900,3,5,2,Single Family,House,1,Bedford,Freehold,under 1/2 acre,1975.0,,1850.0,"Stove, Dishwasher, Dryer, Washer, Refrigerator",Poured Concrete,Detached,,Full (Finished),B4A1,B4A
588888,8,8,5,Single Family,House,2,Fall River,Freehold,under 1/2 acre,1980.0,"Garage, Gravel",3700.0,"Stove, Dishwasher, Dryer, Washer, Microwave Range Hood Combo, Refrigerator, Central Vacuum",Concrete Block,Detached,,,B2T1,B2T
599900,3,3,2,Single Family,House,1,Dutch Settlement,Freehold,1 - 3 acres,2020.0,"Garage, Attached Garage, Detached Garage, Gravel",1686.0,"Stove, Dishwasher, Dryer, Washer, Refrigerator",Concrete Slab,Detached,Character,None,B2S2,B2S
239900,3,3,1,Single Family,House,1,Middle Sackville,Freehold,under 1/2 acre,,,768.0,,Concrete Block,Detached,Character,,B4E1,B4E
269900,4,4,2,Single Family,House,2,Stewiacke,Freehold,under 1/2 acre,,Gravel,1853.0,,Poured Concrete,Detached,2 Level,Full,B0N2,B0N
209900,2,2,1,Single Family,House,1,Dartmouth,Freehold,under 1/2 acre,1967.0,,960.0,"Stove, Refrigerator",Stone,Detached,,None,B3A4,B3A
249000,4,4,1,Single Family,House,2,Boudreauville,Freehold,1/2 - 1 acre,1957.0,,1691.0,,Poured Concrete,Detached,,,B0E2,B0E
3790000,4,4,5,Single Family,House,2,Halifax,Freehold,1 - 3 acres,,Garage,6000.0,,Poured Concrete,Detached,Contemporary,,B3P2,B3P
645000,3,4,3,Single Family,House,1,Oakfield,Freehold,1 - 3 acres,2011.0,"Garage, Detached Garage",2784.0,"Range, Stove, Dishwasher, Dryer - Electric, Washer, Microwave, Microwave Range Hood Combo, Refrigerator, Water softener",Concrete Block,Detached,,Full,B2T0,B2T
209900,3,3,2,Single Family,Mobile Home,1,Collingwood,Freehold,under 1/2 acre,2018.0,Gravel,1088.0,"Range - Electric, Dishwasher, Dryer - Electric, Washer, Microwave Range Hood Combo, Refrigerator",,,Mini,None,B0M1,B0M
169900,3,3,1,Single Family,House,2,Burntcoat,Freehold,1 - 3 acres,,,1083.0,,"Concrete Block, Poured Concrete",Detached,,Full (Unfinished),B0N1,B0N
249900,2,3,2,Single Family,House,2,Upper Stewiacke,Freehold,under 1/2 acre,1866.0,"Gravel, Parking Space(s)",1612.0,"Stove, Dishwasher, Dryer, Washer, Microwave Range Hood Combo, Refrigerator",Poured Concrete,Detached,,Full (Partially finished),B0N2,B0N
189900,3,3,1,Single Family,House,2,Great Village,Freehold,under 1/2 acre,1932.0,Gravel,1275.0,"Stove, Refrigerator",Poured Concrete,Detached,,Full (Unfinished),B0M1,B0M
949000,4,5,5,Single Family,House,2,Belmont,Freehold,10 - 49 acres,2016.0,"Garage, Detached Garage, Gravel",3590.0,"Cooktop - Electric, Oven - Electric, Range - Electric, Dishwasher, Dryer - Electric, Washer, Freezer - Chest, Microwave Range Hood Combo, Water purifier, Water softener",Concrete Slab,Detached,Other,,B0N2,B0N
3999900,3,5,6,Single Family,House,2,Bedford,Freehold,under 1/2 acre,2022.0,"Garage, Attached Garage",5268.0,None,Poured Concrete,Detached,,,B4A2,B4A
449900,2,2,2,Single Family,Apartment,1,Dartmouth,Condominium/Strata,,2011.0,"Garage, Underground",1255.0,"Range, Washer/Dryer Combo, Microwave Range Hood Combo, Refrigerator, Intercom",Poured Concrete,,,None,B2W0,B2W
929000,4,4,2,Single Family,House,2,Chester Basin,Freehold,1 - 3 acres,2018.0,"Garage, Attached Garage, Gravel",2614.0,"Range - Electric, Dishwasher, Dryer - Electric, Washer, Microwave, Wine Fridge, Water softener",Concrete Slab,Detached,,None,B0J1,B0J
489900,3,3,4,Single Family,House,2,Halifax,Freehold,under 1/2 acre,2018.0,"Garage, Attached Garage, Parking Space(s)",1864.0,"Oven, Dishwasher, Dryer, Washer, Refrigerator",Poured Concrete,Detached,2 Level,,B3P0,B3P
299900,1,3,2,Single Family,House,1,Eastern Passage,Freehold,1/2 - 1 acre,2001.0,,1440.0,,Poured Concrete,Detached,,Full (Finished),B3G1,B3G
279900,3,3,1,Single Family,Row / Townhouse,2,Cole Harbour,Freehold,under 1/2 acre,1978.0,,1200.0,"Stove, Dishwasher, Dryer, Washer, Refrigerator",Poured Concrete,,,,B2W4,B2W
395000,4,4,2,Single Family,House,2,Upper Nine Mile River,Freehold,1 - 3 acres,1992.0,"Garage, Detached Garage, Gravel, Parking Space(s)",1944.0,"Cooktop, Oven, Dryer, Washer, Refrigerator",Poured Concrete,Detached,,Full (Finished),B2S3,B2S
449000,3,3,2,Single Family,House,1,Central North River,Freehold,1 - 3 acres,1995.0,"Garage, Attached Garage, Gravel, Parking Space(s)",2288.0,"Stove, Dishwasher, Dryer, Washer, Refrigerator, Central Vacuum",Poured Concrete,Detached,,Full (Finished),B6L6,B6L
149999,3,3,1,Single Family,House,2,New Glasgow,Freehold,under 1/2 acre,1915.0,Gravel,960.0,"Stove, Dryer, Washer, Refrigerator",Stone,Detached,,Full (Unfinished),B2H1,B2H
129000,2,2,1,Single Family,Mobile Home,1,Bible Hill,Freehold,,1989.0,Gravel,840.0,"Stove, Refrigerator",,,Mini,None,B2N4,B2N
899000,3,4,4,Single Family,House,2,Fall River,Freehold,1 - 3 acres,2019.0,"Garage, Attached Garage",3300.0,"Stove, Dishwasher, Dryer, Washer, Refrigerator",Poured Concrete,Detached,,,B2T0,B2T
599900,3,4,3,Single Family,House,1,Waverley,Freehold,1 - 3 acres,,"Garage, Attached Garage",3059.0,"Range, Stove, Dishwasher, Dryer, Washer, Refrigerator, Wine Fridge, Central Vacuum",Poured Concrete,Detached,Character,,B2R1,B2R
649900,3,3,2,Single Family,House,2,Mount Uniacke,Freehold,under 1/2 acre,,Gravel,1444.0,"Stove, Dishwasher, Washer/Dryer Combo, Microwave Range Hood Combo, Refrigerator",Concrete Slab,Detached,,None,B0N1,B0N
309000,3,3,2,Single Family,Row / Townhouse,2,Halifax,Condominium/Strata,,1973.0,Parking Space(s),1602.0,"Stove, Dishwasher, Dryer, Washer, Refrigerator",,,,,B3M1,B3M
399000,3,5,2,Single Family,House,1,Lawrencetown,Freehold,1 - 3 acres,1976.0,"Garage, Detached Garage",1440.0,"Stove, Dishwasher, Dryer, Washer, Refrigerator",Poured Concrete,Detached,,Full (Finished),B2Z1,B2Z
549900,3,4,4,Single Family,House,2,Fairview,Freehold,under 1/2 acre,2012.0,,2338.0,"Oven - Electric, Stove, Dishwasher, Dryer, Washer, Microwave, Refrigerator",Poured Concrete,Semi-detached,2 Level,Full (Finished),B3N2,B3N
115000,2,2,1,Single Family,House,1,Upper Branch,Freehold,1 - 3 acres,2002.0,Gravel,877.0,,,Detached,Character,None,B4V4,B4V
1595000,4,6,4,Single Family,House,2,Halifax,Freehold,under 1/2 acre,2003.0,"Garage, Detached Garage",3960.0,"Oven, Range - Gas, Washer/Dryer Combo, Refrigerator",Poured Concrete,Detached,,Full (Finished),B3H1,B3H
799000,2,2,2,Single Family,Apartment,1,Halifax Peninsula,Condominium/Strata,,2018.0,"Garage, Underground, Parking Space(s)",1140.0,"Range, Dishwasher, Dryer, Washer, Microwave Range Hood Combo, Refrigerator, Intercom",Poured Concrete,,,None,B3H0,B3H
595000,4,4,4,Single Family,House,2,Dartmouth,Freehold,under 1/2 acre,1985.0,"Garage, Detached Garage",3964.0,,Poured Concrete,Detached,,Full (Partially finished),B2X3,B2X
399900,3,3,2,Single Family,House,2,Poplar Grove,Freehold,1 - 3 acres,1986.0,"Garage, Detached Garage, Gravel",1819.0,"Cooktop, Oven, Dishwasher, Dryer, Washer, Refrigerator",Poured Concrete,Detached,,Full (Finished),B0N2,B0N
274700,3,3,3,Single Family,House,2,Thorburn,Freehold,1 - 3 acres,,"Garage, Detached Garage",1746.0,"Stove, Dryer, Washer, Refrigerator",Poured Concrete,Detached,,Full (Partially finished),B0K1,B0K
140000,3,3,1,Single Family,House,2,Truro,Freehold,under 1/2 acre,,Garage,1056.0,,Poured Concrete,Detached,,Full (Unfinished),B2N1,B2N
699000,3,3,3,Single Family,House,1,Beaver Bank,Freehold,1 - 3 acres,,"Garage, Attached Garage",3221.0,,Poured Concrete,Detached,Character,,B4G1,B4G
369900,2,3,2,Single Family,House,1,Meadowvale,Freehold,1/2 - 1 acre,1990.0,"Garage, Detached Garage",1764.0,"Range - Electric, Dryer, Washer, Refrigerator, Hot Tub",Poured Concrete,Detached,,Full (Finished),B0P1,B0P
349000,3,3,3,Single Family,House,1,Coldbrook,Freehold,under 1/2 acre,2004.0,Gravel,2028.0,"Stove, Dishwasher, Dryer, Washer, Refrigerator",Poured Concrete,Detached,Character,Full (Partially finished),B4R1,B4R
309900,0,3,2,Single Family,House,1,Sackville,Freehold,under 1/2 acre,2000.0,,1536.0,"Stove, Dishwasher, Dryer, Washer, Refrigerator",Poured Concrete,Semi-detached,,Full (Finished),B4E3,B4E
119000,3,3,1,Single Family,Mobile Home,1,Beaver Bank,Leasehold,Unknown,1997.0,,896.0,"Stove, Dishwasher, Dryer, Washer, Microwave Range Hood Combo, Refrigerator",,,Mini,None,B4E1,B4E
1330000,3,4,4,Single Family,House,2,Halifax,Freehold,under 1/2 acre,,Garage,3700.0,Central Vacuum,Poured Concrete,Detached,,,B3H4,B3H
329900,1,1,1,Single Family,Apartment,1,Halifax,Condominium/Strata,under 1/2 acre,2008.0,"Garage, Attached Garage, Underground",720.0,"Range - Electric, Dishwasher, Refrigerator",Poured Concrete,,,None,B3K0,B3K
519900,3,4,3,Single Family,House,2,Bedford,Freehold,under 1/2 acre,1987.0,Garage,2644.0,"Range - Electric, Dishwasher, Dryer - Electric, Washer, Refrigerator",Poured Concrete,Detached,,,B4A3,B4A
369900,0,3,2,Single Family,House,1,Lower Sackville,Freehold,under 1/2 acre,2007.0,Gravel,1428.0,"Stove, Dishwasher, Dryer, Washer, Refrigerator",Poured Concrete,Semi-detached,,,B4C0,B4C
429000,4,5,3,Single Family,House,2,Lower Sackville,Freehold,under 1/2 acre,1988.0,,2786.0,,Poured Concrete,Detached,Cape Cod,Full (Finished),B4E2,B4E
359900,2,3,2,Single Family,House,1,Gaetz Brook,Freehold,under 1/2 acre,1980.0,"Garage, Attached Garage, Gravel",1900.0,"Stove, Dishwasher, Dryer, Washer, Refrigerator",Poured Concrete,Detached,Character,,B0J1,B0J
219900,4,4,2,Single Family,House,2,Kentville,Freehold,under 1/2 acre,1942.0,Carport,2076.0,,"Concrete Block, Poured Concrete",Detached,,,B4N2,B4N
179900,2,2,1,Single Family,House,1,Scotch Village,Freehold,3 - 10 acres,1970.0,Gravel,800.0,"Stove, Dryer, Washer, Refrigerator","Concrete Block, Poured Concrete",Detached,Character,Full (Unfinished),B0N2,B0N
279900,1,4,2,Single Family,House,1,Cole Harbour,Freehold,under 1/2 acre,2002.0,,1360.0,,Poured Concrete,Semi-detached,,,B2V2,B2V
199900,2,2,1,Single Family,House,1,Chester Basin,Freehold,1 - 3 acres,1989.0,,784.0,"Stove, Dryer, Washer, Refrigerator",Poured Concrete,Detached,Mini,Full (Unfinished),B0J1,B0J
149900,2,2,1,Single Family,House,1,Brooklyn,Freehold,under 1/2 acre,,Gravel,704.0,"Dryer, Washer",Concrete Block,Detached,Character,Full,B0N2,B0N
209900,2,2,1,Single Family,House,1,Plymouth,Freehold,under 1/2 acre,,Gravel,1134.0,,,Detached,Character,Crawl space,B0K1,B0K
239900,3,4,1,Single Family,House,1,Clam Harbour,Freehold,1/2 - 1 acre,2006.0,Gravel,2003.0,"Stove, Dishwasher, Washer/Dryer Combo, Refrigerator",Poured Concrete,Detached,,,B0J2,B0J
349900,5,5,2,Single Family,House,2,Watt Section,Freehold,3 - 10 acres,1998.0,"Garage, Detached Garage, Gravel",2466.0,"Stove, Dryer, Washer, Refrigerator",Poured Concrete,Detached,,Crawl space,B0J3,B0J
379900,3,4,2,Single Family,House,2,Port Dufferin,Freehold,1 - 3 acres,2004.0,"Garage, Attached Garage, Detached Garage, Gravel",1998.0,"Oven, Dishwasher, Dryer, Washer, Refrigerator",Poured Concrete,Detached,,Full (Finished),B0J2,B0J
149500,2,2,1,Single Family,House,1,Salmon River,Freehold,under 1/2 acre,1964.0,"Garage, Detached Garage",595.0,"Range - Electric, Dryer - Electric, Washer, Refrigerator",Concrete Block,Detached,Character,Full (Unfinished),B2N4,B2N
199900,2,2,2,Single Family,Mobile Home,1,Bridgewater,Freehold,,2008.0,Other,1152.0,"Cooktop - Electric, Oven, Dishwasher, Dryer, Washer, Microwave Range Hood Combo, Refrigerator, Water meter",,,Mini,None,B4V4,B4V
649000,3,3,1,Single Family,House,2,Oakland,Freehold,1 - 3 acres,1872.0,Garage,1700.0,,Stone,Detached,Cape Cod,Full (Unfinished),B0J2,B0J
375000,3,4,2,Single Family,House,1,Cole Harbour,Freehold,under 1/2 acre,1973.0,"Garage, Attached Garage",1219.0,"Stove, Dishwasher, Dryer, Washer, Refrigerator",Poured Concrete,Detached,,Full (Unfinished),B2V1,B2V
449000,3,4,3,Single Family,House,2,Spryfield,Freehold,under 1/2 acre,,,1532.0,,Poured Concrete,Semi-detached,,,B3R1,B3R
299900,3,3,2,Single Family,House,2,Cole Harbour,Freehold,under 1/2 acre,1976.0,,1445.0,"Range, Dishwasher, Dryer - Electric, Washer, Refrigerator",Poured Concrete,Semi-detached,,,B2V1,B2V
634900,3,4,4,Single Family,Row / Townhouse,3,Rockingham,Freehold,under 1/2 acre,2019.0,"Garage, Attached Garage",2475.0,"Range, Stove, Dishwasher, Dryer, Washer, Microwave, Refrigerator",Poured Concrete,,,,B3M0,B3M
659000,3,4,4,Single Family,House,2,Herring Cove,Freehold,under 1/2 acre,2021.0,"Garage, Attached Garage",2748.0,"Stove, Dryer, Washer, Microwave Range Hood Combo, Fridge/Stove Combo",Poured Concrete,Detached,3 Level,Full (Finished),B3R0,B3R
118000,2,2,1,Single Family,House,1,Salmon River,Freehold,under 1/2 acre,,Gravel,564.0,"Stove, Refrigerator",Concrete Block,Detached,Character,None,B6L3,B6L
259900,3,3,2,Single Family,House,2,Truro,Freehold,under 1/2 acre,,"Garage, Detached Garage, Gravel",1416.0,"Stove, Dishwasher, Dryer, Washer, Refrigerator",Poured Concrete,Detached,,Full (Unfinished),B2N2,B2N
425000,3,3,3,Single Family,House,2,Middle Sackville,Freehold,under 1/2 acre,2000.0,,1689.0,,Poured Concrete,Detached,,,B4E3,B4E
584900,2,2,2,Single Family,Apartment,1,Bedford,Condominium/Strata,,2007.0,"Garage, Underground",1580.0,"Stove, Dishwasher, Microwave Range Hood Combo, Refrigerator",Poured Concrete,,,None,B4A4,B4A
254900,2,2,1,Single Family,House,1,Truro,Freehold,under 1/2 acre,2020.0,,884.0,"Range, Dishwasher, Dryer, Washer, Refrigerator",Poured Concrete,Detached,Character,Crawl space,B2N5,B2N
749900,2,2,3,Single Family,Row / Townhouse,2,Halifax,Condominium/Strata,under 1/2 acre,2021.0,"Garage, Underground",1141.0,"Gas stove(s), Dishwasher, Dryer, Washer, Microwave Range Hood Combo, Refrigerator, Intercom",,,,None,B3H2,B3H
2599000,4,5,4,Single Family,House,2,Valley,Freehold,1/2 - 1 acre,2012.0,"Garage, Attached Garage",7317.0,"Cooktop - Propane, Oven - Electric, Dishwasher, Dryer - Electric, Washer, Freezer - Stand Up, Refrigerator, Water softener, Hot Tub, Gas stove(s)",Poured Concrete,Detached,,,B6L3,B6L
189000,3,6,2,Single Family,House,2,Poulamon,Freehold,under 1/2 acre,,"Garage, Detached Garage",1250.0,,Concrete Block,Detached,,Crawl space,B0E1,B0E
299900,2,2,1,Single Family,House,1,Fort Ellis,Freehold,1 - 3 acres,1988.0,"Garage, Detached Garage, Gravel",1008.0,,Poured Concrete,Detached,Character,,B0N2,B0N
399900,2,3,1,Single Family,House,1,Lower Sackville,Freehold,under 1/2 acre,2003.0,Gravel,1744.0,"Cooktop - Electric, Oven - Electric, Range - Electric, Dishwasher, Dryer - Electric, Washer, Microwave, Refrigerator",Poured Concrete,Detached,2 Level,,B4C3,B4C
235000,2,2,1,Single Family,House,2,New Minas,Freehold,1 - 3 acres,1952.0,"Garage, Detached Garage",1448.0,"Stove, Dryer, Washer, Refrigerator",Poured Concrete,Detached,Character,Full (Partially finished),B4N3,B4N
287500,2,2,2,Single Family,House,1,Harmony,Freehold,3 - 10 acres,,Gravel,1320.0,"Range, Dishwasher, Dryer, Washer, Microwave Range Hood Combo, Refrigerator",,Detached,Character,Crawl space,B0P1,B0P
880000,1,2,2,Single Family,House,1,Dartmouth,Freehold,under 1/2 acre,1950.0,Other,1971.0,"Stove, Dishwasher, Dryer, Washer, Microwave, Refrigerator",Poured Concrete,Detached,,Full (Finished),B2X2,B2X
399900,3,4,2,Single Family,House,1,Eastern Passage,Freehold,under 1/2 acre,2001.0,,2113.0,"Stove, Dishwasher, Dryer, Washer, Freezer - Stand Up, Refrigerator",Poured Concrete,Detached,Character,,B3G1,B3G
329900,3,3,2,Single Family,House,2,Timberlea,Freehold,under 1/2 acre,1950.0,Gravel,1424.0,"Stove, Dishwasher, Dryer, Washer, Microwave Range Hood Combo, Refrigerator, Central Vacuum","Concrete Block, Poured Concrete",Detached,,,B3T1,B3T
239900,3,3,2,Single Family,House,1,Lower Five Islands,Freehold,1 - 3 acres,1975.0,"Garage, Carport",2461.0,"Stove, Washer/Dryer Combo",Poured Concrete,Detached,,Full (Partially finished),B0M1,B0M
359000,3,3,1,Single Family,House,2,Blue Rocks,Freehold,under 1/2 acre,1902.0,Gravel,1344.0,"Stove, Dryer, Washer, Refrigerator",Stone,Detached,,,B0J2,B0J
299500,3,3,2,Single Family,House,1,Dartmouth,Freehold,under 1/2 acre,1969.0,,1600.0,"Stove, Dishwasher, Dryer, Washer, Refrigerator",Poured Concrete,Detached,Character,Full (Partially finished),B2W2,B2W
999999,3,3,1,Single Family,House,1,White Rock,Freehold,10 - 49 acres,2005.0,Gravel,1000.0,,Poured Concrete,Detached,"Mini, Other",None,B4P2,B4P
2395000,3,3,5,Single Family,House,2,Halifax,Freehold,under 1/2 acre,1955.0,"Garage, Detached Garage, Interlocked",3839.0,"Cooktop - Propane, Oven - Electric, Dishwasher, Refrigerator, Wine Fridge",Poured Concrete,Detached,,,B3H1,B3H
649900,4,4,4,Single Family,House,3,Spryfield,Freehold,under 1/2 acre,2021.0,"Garage, Attached Garage",2546.0,"Range - Electric, Dishwasher, Dryer - Electric, Washer, Refrigerator",Poured Concrete,Detached,,None,B3N0,B3N
299900,3,3,2,Single Family,Row / Townhouse,2,Halifax,Condominium/Strata,under 1/2 acre,1980.0,,1798.0,"Stove, Dishwasher, Dryer - Electric, Washer, Microwave, Refrigerator, Central Vacuum",Poured Concrete,,,,B3M3,B3M
759000,2,4,3,Single Family,House,1,Union Centre,Freehold,100+ acres,1988.0,"Garage, Attached Garage, Gravel",2840.0,"Stove, Dishwasher, Dryer, Washer, Refrigerator, Central Vacuum",Poured Concrete,Detached,,Full (Partially finished),B0K2,B0K
240000,4,4,1,Single Family,House,2,Parrsboro,Freehold,1/2 - 1 acre,,Gravel,1368.0,,Poured Concrete,Detached,,,B0M1,B0M
399900,3,3,2,Single Family,House,1,Windsor,Freehold,under 1/2 acre,,Gravel,1560.0,"Oven - Electric, Dishwasher, Dryer, Washer, Refrigerator",Poured Concrete,Detached,,,B0N2,B0N
850000,8,8,4,Single Family,House,1,Port Williams,Freehold,under 1/2 acre,2017.0,"Garage, Attached Garage, Gravel",4600.0,"Range, Dishwasher, Dryer, Washer, Refrigerator",Concrete Slab,Semi-detached,Character,None,B0P1,B0P
689900,3,3,2,Single Family,House,1,Lower Wolfville,Freehold,3 - 10 acres,2008.0,"Garage, Attached Garage",2073.0,Dishwasher,Concrete Slab,Detached,Character,None,B4P2,B4P
237500,2,2,1,Single Family,House,1,Valley,Freehold,under 1/2 acre,1972.0,"Garage, Detached Garage, Covered",1081.0,"Stove, Dryer, Washer, Refrigerator",Poured Concrete,Detached,Character,Full (Partially finished),B2N2,B2N
385000,3,4,3,Single Family,House,1,Kingston,Freehold,under 1/2 acre,,"Garage, Attached Garage",2700.0,"Dishwasher, Dryer, Washer, Hot Tub",Poured Concrete,Detached,Character,,B0P1,B0P
349000,3,3,2,Single Family,House,1,Harmony,Freehold,1 - 3 acres,1996.0,"Garage, Attached Garage, Interlocked",1838.0,"Oven - Electric, Dishwasher, Dryer, Washer/Dryer Combo, Refrigerator",Poured Concrete,Detached,Character,Full (Finished),B0P1,B0P
224900,2,2,1,Single Family,Apartment,1,Dartmouth,Condominium/Strata,,1976.0,Parking Space(s),748.0,"Range - Electric, Fridge/Stove Combo",,,,None,B3A4,B3A
194900,3,3,2,Single Family,House,2,Stellarton,Freehold,under 1/2 acre,,"Garage, Detached Garage",1522.0,,"Concrete Block, Poured Concrete",Detached,,Full,B0K1,B0K
429900,4,6,3,Single Family,House,2,Halifax,Freehold,under 1/2 acre,2005.0,Parking Space(s),2250.0,"Stove, Dishwasher, Dryer, Washer, Refrigerator",Poured Concrete,Detached,,,B3R1,B3R
299900,2,2,1,Single Family,House,1,Halifax,Freehold,under 1/2 acre,1969.0,Gravel,790.0,"Stove, Dryer, Washer, Refrigerator",Concrete Block,Detached,Character,Crawl space,B3R1,B3R
750000,3,3,3,Single Family,House,1,Coldbrook,Freehold,1/2 - 1 acre,2021.0,"Garage, Attached Garage, Detached Garage, Gravel, Parking Space(s)",1704.0,Dishwasher,Concrete Slab,Detached,Character,None,B4R1,B4R
459900,3,3,2,Single Family,House,1,Stewiacke,Freehold,under 1/2 acre,,"Garage, Attached Garage, Gravel",1330.0,,Poured Concrete,Detached,Character,None,B0N2,B0N
329900,2,2,2,Single Family,House,1,Lower Sackville,Freehold,under 1/2 acre,1970.0,,1920.0,"Stove, Dishwasher, Dryer, Washer, Refrigerator",Poured Concrete,Detached,Character,Full,B4C2,B4C
400000,1,3,1,Single Family,House,1,Tupper Lake,Freehold,1 - 3 acres,2013.0,"Garage, Detached Garage, Gravel",1728.0,Dishwasher,Poured Concrete,Detached,Character,Full (Finished),B0P1,B0P
274500,2,2,1,Single Family,House,1,Truro Heights,Freehold,1/2 - 1 acre,1992.0,"Garage, Detached Garage, Gravel",1587.0,"Stove, Dishwasher, Refrigerator",Poured Concrete,Detached,Character,Full (Partially finished),B6L1,B6L
549000,3,3,3,Single Family,House,1,Windsor Junction,Freehold,1/2 - 1 acre,1988.0,Garage,2160.0,"Range - Electric, Dryer, Dryer - Electric, Washer, Refrigerator",Poured Concrete,Detached,Character,Unknown,B2T1,B2T
749000,4,4,3,Single Family,House,2,Lucasville,Freehold,1 - 3 acres,2017.0,"Garage, Attached Garage",2534.0,"Stove, Dishwasher, Dryer - Electric, Washer, Microwave Range Hood Combo, Refrigerator, Water softener, Hot Tub",Concrete Slab,Detached,,None,B4B0,B4B
389000,3,3,2,Single Family,House,1,Lower Sackville,Freehold,under 1/2 acre,1986.0,"Garage, Attached Garage",1721.0,"Barbeque, Stove, Dishwasher, Dryer, Washer, Freezer, Microwave, Refrigerator",Poured Concrete,Detached,,,B4C1,B4C
599900,3,5,3,Single Family,House,1,Dartmouth,Freehold,under 1/2 acre,1969.0,,2596.0,"Stove, Dishwasher, Dryer, Washer, Microwave Range Hood Combo, Refrigerator",Poured Concrete,Detached,2 Level,Full (Finished),B3A3,B3A
599900,3,4,4,Single Family,House,2,Dartmouth,Freehold,under 1/2 acre,2011.0,Garage,2824.0,"Gas stove(s), Dishwasher, Dryer, Washer, Refrigerator, Central Vacuum",Poured Concrete,Detached,,,B2W0,B2W
139900,2,2,0,Single Family,House,2,West Chezzetcook,Freehold,1/2 - 1 acre,,"Garage, Detached Garage",753.0,"Refrigerator, None","Concrete Block, Poured Concrete, Stone",Detached,,Crawl space,B0J2,B0J
575000,3,3,4,Single Family,House,2,Halifax,Freehold,under 1/2 acre,2020.0,Garage,1950.0,"Stove, Dishwasher, Dryer, Washer, Microwave Range Hood Combo, Refrigerator",Poured Concrete,Detached,,Full (Finished),B3P0,B3P
950000,4,4,5,Single Family,House,2,Coldbrook,Freehold,1/2 - 1 acre,,"Garage, Attached Garage, Parking Space(s)",3850.0,"Range - Electric, Dishwasher, Dryer, Washer, Refrigerator",Concrete Slab,Detached,Contemporary,Unknown,B4R1,B4R
239900,3,3,1,Single Family,House,1,Salmon River,Freehold,under 1/2 acre,1995.0,,1176.0,"Stove, Refrigerator, Gas stove(s)",Poured Concrete,Detached,Character,Full (Partially finished),B2N6,B2N
289900,3,4,2,Single Family,House,2,Kingston,Freehold,under 1/2 acre,,,1525.0,"Range - Electric, Dishwasher, Dryer, Washer, Refrigerator, Central Vacuum",Poured Concrete,Detached,4 Level,"Full (Unfinished), Full (Partially finished)",B0P1,B0P
229900,3,3,2,Single Family,House,3,Noel,Freehold,1 - 3 acres,,,2018.0,"Range - Electric, Refrigerator",Stone,Detached,,Full (Unfinished),B0N2,B0N
2099000,3,4,4,Single Family,House,2,Glen Haven,Freehold,1 - 3 acres,,"Garage, Attached Garage",3645.0,,Poured Concrete,Detached,,Full (Finished),B3Z2,B3Z
829900,3,3,3,Single Family,House,2,Halifax,Freehold,under 1/2 acre,1917.0,,1730.0,"Stove, Gas stove(s), Dryer, Washer, Refrigerator",Poured Concrete,Detached,,Full (Unfinished),B3H2,B3H
399900,2,2,2,Single Family,House,1,Middle Sackville,Freehold,under 1/2 acre,2021.0,"Garage, Detached Garage, Gravel",1340.0,Dishwasher,"Poured Concrete, Concrete Slab",Detached,Character,None,B4E3,B4E
379900,3,3,2,Single Family,House,1,Bedford,Freehold,under 1/2 acre,1955.0,Gravel,1403.0,,Poured Concrete,Detached,2 Level,,B4A1,B4A
329900,2,4,2,Single Family,House,1,Lower Sackville,Freehold,under 1/2 acre,1984.0,"Garage, Detached Garage",2025.0,"Range, Dishwasher, Dryer, Washer, Refrigerator",Concrete Block,Detached,,,B4C1,B4C
574900,4,4,2,Single Family,House,1,Falmouth,Freehold,3 - 10 acres,1997.0,"Garage, Detached Garage, Gravel",2310.0,"Stove, Dishwasher, Refrigerator","Poured Concrete, Concrete Slab",Detached,Character,None,B0P1,B0P
949000,3,3,2,Single Family,House,2,Martins Brook,Freehold,1 - 3 acres,1872.0,"Garage, Detached Garage",1580.0,Gas stove(s),Stone,Detached,,Full (Unfinished),B0J2,B0J
449900,3,3,4,Single Family,Row / Townhouse,2,Dartmouth,Freehold,under 1/2 acre,2008.0,,2178.0,"Range - Electric, Dishwasher, Dryer - Electric, Washer, Microwave Range Hood Combo, Refrigerator",Poured Concrete,,,,B2Y3,B2Y
99900,2,2,1,Single Family,House,1,Chaplin,Freehold,3 - 10 acres,,Gravel,840.0,"Stove, Dryer, Washer, Refrigerator",,Detached,,"Crawl space, None",B0N2,B0N
499900,1,1,1,Single Family,Apartment,1,Halifax,Condominium/Strata,,2018.0,None,625.0,,Poured Concrete,,,None,B3H0,B3H
400000,3,4,1,Single Family,House,1,Dartmouth,Freehold,under 1/2 acre,1956.0,,2275.0,"Stove, Dishwasher, Dryer, Washer, Refrigerator",Poured Concrete,Detached,Character,,B2X2,B2X
699900,4,4,4,Single Family,House,2,Currys Corner,Freehold,Unknown,,"Garage, Attached Garage",3395.0,"Oven - Electric, Dishwasher, Dryer, Washer, Refrigerator, Central Vacuum, Hot Tub",Poured Concrete,Detached,,,B0N2,B0N
439900,3,5,2,Single Family,House,1,Timberlea,Freehold,under 1/2 acre,1964.0,"Garage, Detached Garage",1924.0,,Poured Concrete,Detached,Character,Full (Finished),B3T1,B3T
929000,3,4,4,Single Family,House,2,Lawrencetown,Freehold,1/2 - 1 acre,2005.0,Gravel,2727.0,"Oven, Dishwasher, Dryer, Washer, Microwave, Refrigerator, Hot Tub","Poured Concrete, Concrete Slab",Detached,,,B2Z1,B2Z
219900,4,4,2,Single Family,House,2,Trenton,Freehold,under 1/2 acre,1977.0,,1896.0,"Stove, Dishwasher, Dryer - Electric, Washer, Refrigerator",Poured Concrete,Detached,,Full (Unfinished),B0K1,B0K
174900,2,4,1,Single Family,House,1,Port Hawkesbury,Freehold,under 1/2 acre,1971.0,,1520.0,"Stove, Dishwasher, Dryer, Washer, Refrigerator",Poured Concrete,Detached,,Full,B9A3,B9A
429000,5,5,3,Single Family,House,1,Brierly Brook,Freehold,1 - 3 acres,2006.0,"Garage, Detached Garage, Gravel",1800.0,"Range, Dishwasher, Refrigerator",Poured Concrete,Detached,Character,Crawl space,B2G2,B2G
499900,3,5,3,Single Family,House,1,Harmony,Freehold,3 - 10 acres,2011.0,"Garage, Attached Garage, Gravel",2548.0,"Oven - Electric, Dishwasher, Washer/Dryer Combo, Microwave Range Hood Combo, Refrigerator, Water softener",Poured Concrete,Detached,Character,Full,B6L3,B6L
339000,3,4,2,Single Family,House,1,Salmon River Bridge,Freehold,under 1/2 acre,1998.0,,1599.0,"Stove, Dishwasher, Dryer, Washer, Refrigerator",Poured Concrete,Detached,Character,Full (Finished),B0J1,B0J
575000,3,4,3,Single Family,House,1,Hammonds Plains,Freehold,3 - 10 acres,2021.0,"Garage, Gravel",2053.0,"Stove, Dishwasher, Dryer, Washer, Microwave, Refrigerator",Poured Concrete,Detached,,,B4B0,B4B
479900,2,4,2,Single Family,House,1,Halifax,Freehold,under 1/2 acre,1967.0,Carport,2033.0,"Stove, Dryer, Washer, Refrigerator",Poured Concrete,Detached,,Full (Finished),B3M1,B3M
282500,2,3,1,Single Family,House,1,Eastern Passage,Freehold,under 1/2 acre,1978.0,Gravel,1440.0,"Stove, Dishwasher, Dryer, Washer, Refrigerator",Poured Concrete,Detached,,Full (Partially finished),B3G1,B3G
999900,5,9,4,Single Family,House,2,Halifax,Freehold,under 1/2 acre,1974.0,Parking Space(s),2572.0,"Oven, Dishwasher, Dryer, Washer, Freezer, Refrigerator",Poured Concrete,Detached,,,B3H2,B3H
499900,3,3,4,Single Family,House,2,Millwood,Freehold,under 1/2 acre,2005.0,"Garage, Attached Garage",2078.0,Central Vacuum,Poured Concrete,Detached,,Full (Finished),B4E3,B4E
104900,4,4,1,Single Family,House,2,Spencers Island,Freehold,1 - 3 acres,1904.0,,,None,Poured Concrete,Detached,,Full (Unfinished),B0M1,B0M
235000,6,6,2,Single Family,House,1,Portapique,Freehold,1 - 3 acres,,,1747.0,"Dryer, Washer",Poured Concrete,Detached,Character,Full,B0M1,B0M
350000,3,4,2,Single Family,House,1,Dartmouth,Freehold,under 1/2 acre,1969.0,,1898.0,"Stove, Dryer, Washer, Refrigerator",Poured Concrete,Detached,,Full (Partially finished),B3W3,B3W
549900,4,4,4,Single Family,House,2,Dartmouth,Freehold,under 1/2 acre,1999.0,"Garage, Attached Garage",2568.0,"Dishwasher, Microwave Range Hood Combo",Poured Concrete,Detached,2 Level,,B2W6,B2W
575000,4,4,4,Single Family,House,2,Spryfield,Freehold,under 1/2 acre,2013.0,"Garage, Attached Garage",2446.0,"Stove, Dishwasher, Washer/Dryer Combo, Microwave Range Hood Combo, Fridge/Stove Combo",Poured Concrete,Detached,,,B3P0,B3P
449900,4,4,3,Single Family,House,2,Meadowvale,Freehold,1/2 - 1 acre,2015.0,"Garage, Attached Garage, Gravel",2182.0,"Stove, Dishwasher, Microwave Range Hood Combo, Refrigerator",Concrete Slab,Detached,,None,B0P1,B0P
349900,3,4,2,Single Family,House,1,New Minas,Freehold,under 1/2 acre,1980.0,"Garage, Detached Garage",2300.0,"Range - Electric, Dishwasher, Dryer - Electric, Washer, Refrigerator, Central Vacuum",Poured Concrete,Detached,Character,Full (Partially finished),B4N4,B4N
335000,3,4,2,Single Family,House,1,Kentville,Freehold,under 1/2 acre,1968.0,,1515.0,"Dishwasher, Dryer, Washer, Refrigerator",Poured Concrete,Detached,Character,,B4N1,B4N
989900,4,4,4,Single Family,House,3,Brunello Estates,Freehold,under 1/2 acre,,"Garage, Interlocked",2900.0,None,Poured Concrete,Detached,,,B3T0,B3T
449900,3,3,3,Single Family,House,1,Cole Harbour,Freehold,under 1/2 acre,1982.0,"Garage, Attached Garage",2446.0,"Stove, Dishwasher, Dryer, Washer, Refrigerator",Poured Concrete,Detached,Character,,B2V2,B2V
300000,2,2,1,Single Family,Apartment,2,Halifax,Condominium/Strata,,1986.0,Parking Space(s),1130.0,"Stove, Dishwasher, Washer/Dryer Combo, Microwave Range Hood Combo, Refrigerator, Intercom",Poured Concrete,,2 Level,None,B3M3,B3M
409900,3,3,3,Single Family,Row / Townhouse,2,Dartmouth,Freehold,under 1/2 acre,1993.0,,2098.0,"Stove, Dishwasher, Dryer, Washer, Microwave Range Hood Combo, Refrigerator",Poured Concrete,,,Full (Finished),B2W6,B2W
365000,2,2,2,Single Family,Apartment,1,Dartmouth,Condominium/Strata,,1991.0,"Garage, Underground",1100.0,"Range, Dishwasher, Washer/Dryer Combo, Microwave, Refrigerator",Poured Concrete,,,None,B3A4,B3A
645000,3,3,2,Single Family,,2,Halifax,Condominium/Strata,under 1/2 acre,2019.0,,1319.0,"Gas stove(s), Dishwasher, Dryer, Washer, Refrigerator",Poured Concrete,Detached,,None,B3K2,B3K
169900,4,4,2,Single Family,House,2,New Glasgow,Freehold,under 1/2 acre,1921.0,Gravel,1154.0,"Stove, Refrigerator",Poured Concrete,Detached,,Full (Unfinished),B2H4,B2H
95000,2,2,1,Single Family,House,1,Springhill,Freehold,1 - 3 acres,1940.0,Gravel,967.0,,Poured Concrete,Detached,Character,Full (Unfinished),B0M1,B0M
74000,2,2,1,Single Family,House,2,West Arichat,Freehold,under 1/2 acre,1923.0,Gravel,864.0,,Concrete Block,Detached,,,B0E1,B0E
249900,4,4,2,Single Family,House,2,Pine Tree,Freehold,3 - 10 acres,,Gravel,1636.0,"Stove, Dryer, Washer, Refrigerator","Poured Concrete, Stone",Detached,,Partial (Unfinished),B0K1,B0K
729900,3,4,4,Single Family,House,2,Bedford,Freehold,1/2 - 1 acre,,"Garage, Attached Garage",3939.0,"Range - Gas, Range - Electric, Dishwasher, Dryer - Electric, Washer, Freezer - Stand Up, Microwave Range Hood Combo, Fridge/Stove Combo, Wine Fridge",Poured Concrete,Detached,,,B4A2,B4A
349900,3,4,3,Single Family,House,2,Bedford,Freehold,under 1/2 acre,1987.0,,1866.0,,Poured Concrete,Semi-detached,,,B4A3,B4A
599900,3,3,4,Single Family,Row / Townhouse,2,Bedford,Freehold,under 1/2 acre,2011.0,"Garage, Attached Garage",2197.0,"Stove, Dishwasher, Dryer, Washer, Microwave Range Hood Combo, Refrigerator",Poured Concrete,,,,B4B0,B4B
899900,3,4,4,Single Family,House,2,Hatchet Lake,Freehold,1 - 3 acres,2016.0,"Garage, Attached Garage",3479.0,"Oven, Range, Stove, Dishwasher, Dryer, Washer, Microwave, Refrigerator",Poured Concrete,Detached,,Full (Finished),B3T0,B3T
449900,2,2,3,Single Family,Row / Townhouse,2,Dartmouth,Freehold,3 - 10 acres,2014.0,Garage,1755.0,,Poured Concrete,,,Full (Finished),B3G0,B3G
375000,3,3,2,Single Family,House,2,Dartmouth,Freehold,under 1/2 acre,1952.0,,1530.0,"Stove, Dishwasher, Dryer, Washer, Refrigerator",Poured Concrete,Detached,,,B2W2,B2W
539000,3,3,3,Single Family,House,2,Stillwater Lake,Freehold,1/2 - 1 acre,2003.0,"Garage, Attached Garage, Gravel",2045.0,Central Vacuum,Poured Concrete,Detached,,,B3Z1,B3Z
257000,3,3,2,Single Family,Row / Townhouse,2,Halifax,Condominium/Strata,under 1/2 acre,,Parking Space(s),1450.0,"Stove, Dishwasher, Dryer, Washer, Refrigerator",Concrete Block,,3 Level,,B3P2,B3P
310000,3,4,2,Single Family,House,1,Berwick,Freehold,under 1/2 acre,2004.0,Gravel,1600.0,"Stove, Dishwasher, Dryer, Washer, Refrigerator",Poured Concrete,Detached,Character,Full (Partially finished),B0P1,B0P
469000,4,4,2,Single Family,House,2,Liverpool,Freehold,1/2 - 1 acre,1929.0,"Garage, Detached Garage",1650.0,"Cooktop, Oven, Dishwasher, Washer/Dryer Combo, Refrigerator",Poured Concrete,Detached,,Full (Unfinished),B0T1,B0T
399900,3,4,2,Single Family,House,1,Hammonds Plains,Freehold,1/2 - 1 acre,1989.0,"Garage, Attached Garage",1976.0,"Range - Electric, Dishwasher, Dryer, Washer, Refrigerator",Poured Concrete,Detached,,Full,B4B1,B4B
364900,3,3,2,Single Family,House,2,Port Bickerton,Freehold,1 - 3 acres,1954.0,"Garage, Detached Garage",1668.0,,Poured Concrete,Detached,,Full (Unfinished),B0J3,B0J
259900,1,4,2,Single Family,House,1,Simms Settlement,Freehold,1/2 - 1 acre,1989.0,"Garage, Detached Garage, Gravel",1896.0,"Stove, Dishwasher, Dryer, Washer, Microwave, Refrigerator",Poured Concrete,Detached,Character,Full (Finished),B0J1,B0J
450000,3,3,2,Single Family,House,1,Chester,Freehold,under 1/2 acre,2014.0,Gravel,2744.0,"Cooktop - Propane, Oven - Electric, Dishwasher, Dryer, Washer, Microwave, Refrigerator, Water purifier, Water softener",,Detached,Character,,B0J1,B0J
459000,2,2,2,Single Family,House,2,Halifax,Freehold,under 1/2 acre,1943.0,"Garage, Detached Garage",1292.0,"Gas stove(s), Dishwasher, Dryer, Washer, Refrigerator",Concrete Block,Detached,,,B3P1,B3P
239000,1,1,1,Single Family,Apartment,1,Halifax,Condominium/Strata,,1991.0,Parking Space(s),722.0,"Stove, Dishwasher, Dryer, Washer, Refrigerator",Poured Concrete,,,None,B3K5,B3K
289900,2,2,1,Single Family,House,2,Dartmouth,Freehold,under 1/2 acre,1940.0,,1196.0,"Stove, Dryer, Washer",Poured Concrete,Detached,,Full (Unfinished),B2Y2,B2Y
157000,3,3,1,Single Family,House,2,Moshers Corner,Freehold,1 - 3 acres,,"Garage, Detached Garage",1300.0,"Oven - Electric, Microwave, Refrigerator",Stone,Detached,,,B0P1,B0P
269900,2,4,2,Single Family,House,1,New Minas,Freehold,under 1/2 acre,1976.0,,1605.0,"Stove, Dishwasher, Dryer, Washer, Microwave, Refrigerator",Poured Concrete,Detached,Character,Full (Finished),B4N4,B4N
99000,2,2,1,Single Family,Mobile Home,1,New Minas,Leasehold,under 1/2 acre,,Gravel,694.0,"Range - Electric, Refrigerator",,,Mini,Crawl space,B4N3,B4N
415900,3,3,3,Single Family,House,2,Greenwood,Freehold,1 - 3 acres,2015.0,"Garage, Detached Garage",1720.0,"Range - Electric, Dishwasher, Refrigerator",Concrete Slab,Detached,,None,B0P1,B0P
525000,4,5,4,Single Family,House,2,Colby Village,Freehold,under 1/2 acre,1985.0,"Garage, Attached Garage, Interlocked",3374.0,"Stove, Dishwasher, Dryer, Washer, Refrigerator, Central Vacuum, Hot Tub",Poured Concrete,Detached,,Full (Partially finished),B2V1,B2V
459900,3,4,2,Single Family,House,1,Upper Tantallon,Freehold,1 - 3 acres,2009.0,"Garage, Attached Garage",2002.0,"Stove, Dishwasher, Dryer, Washer, Refrigerator, Water softener, Central Vacuum",Poured Concrete,Detached,,,B3Z0,B3Z
375000,3,3,3,Single Family,House,1,Coldbrook,Freehold,under 1/2 acre,2001.0,Garage,2200.0,"Stove, Dishwasher, Dryer, Washer, Refrigerator",Poured Concrete,Detached,,,B4R1,B4R
499000,3,3,2,Single Family,House,1,Antigonish Landing,Freehold,under 1/2 acre,2010.0,"Garage, Attached Garage",1200.0,"Central Vacuum, Stove, Dishwasher, Dryer, Washer, Microwave, Refrigerator",Poured Concrete,Detached,Character,Full (Unfinished),B2G0,B2G
549900,2,2,1,Single Family,House,1,Byers Lake,Freehold,3 - 10 acres,1975.0,"Garage, Gravel",1128.0,"Range - Gas, Washer, Refrigerator",,Detached,Character,None,B0K1,B0K
549900,3,3,1,Single Family,House,2,Byers Lake,Freehold,1 - 3 acres,2004.0,"Garage, Gravel",1600.0,"Range - Gas, Washer, Refrigerator",Concrete Slab,Detached,2 Level,None,B0K1,B0K
499900,2,2,2,Single Family,House,1,Halifax,Freehold,under 1/2 acre,1952.0,"Garage, Detached Garage",877.0,"Stove, Dishwasher, Dryer, Washer, Microwave, Refrigerator",Poured Concrete,Detached,Character,Crawl space,B3K3,B3K
585000,3,4,4,Single Family,House,2,Spryfield,Freehold,under 1/2 acre,2011.0,Garage,2564.0,"Range, Dishwasher, Dryer - Electric, Washer, Freezer, Microwave, Refrigerator",Poured Concrete,Detached,,Full (Finished),B3R0,B3R
749000,3,3,2,Single Family,House,1,Tantallon,Freehold,1 - 3 acres,2020.0,"Garage, Attached Garage, Detached Garage",1824.0,"Range - Electric, Dishwasher, Dryer - Electric, Washer, Refrigerator, Wine Fridge, Hot Tub","Poured Concrete, Concrete Slab",Detached,,None,B3Z4,B3Z
349900,3,3,1,Single Family,House,1,Woodlawn,Freehold,under 1/2 acre,,,1128.0,"Stove, Dishwasher, Dryer, Washer, Refrigerator",Poured Concrete,Detached,Character,Crawl space,B2W0,B2W
219900,2,2,1,Single Family,House,1,Dartmouth,Freehold,under 1/2 acre,,,600.0,"Stove, Dryer, Washer, Refrigerator",Poured Concrete,Detached,,,B3A4,B3A
285000,2,2,1,Single Family,House,1,New Glasgow,Freehold,under 1/2 acre,2008.0,,896.0,"Stove, Dishwasher, Dryer, Washer, Microwave, Refrigerator",Poured Concrete,Detached,Character,Full (Unfinished),B2H0,B2H
169900,3,3,1,Single Family,Mobile Home,1,Lake Echo,Leasehold,under 1/2 acre,2000.0,,1152.0,"Stove, Dishwasher, Dryer, Washer, Microwave Range Hood Combo, Refrigerator",,,Mini,None,B3E1,B3E
999900,5,6,4,Single Family,House,2,Hammonds Plains,Freehold,1 - 3 acres,1993.0,"Garage, Detached Garage",4241.0,"Stove, Dishwasher, Dryer, Washer, Refrigerator, Hot Tub",Poured Concrete,Detached,,,B4B1,B4B
939000,3,4,4,Single Family,House,2,Bedford,Freehold,under 1/2 acre,2020.0,Garage,2976.0,"Range - Electric, Stove, Dishwasher, Dryer, Washer",Poured Concrete,Detached,,Full (Finished),B4B0,B4B
474900,3,3,4,Single Family,House,2,Middle Sackville,Freehold,under 1/2 acre,2011.0,"Garage, Attached Garage",1950.0,"Range, Dryer, Washer, Refrigerator",Poured Concrete,Semi-detached,,,B4E0,B4E
799900,3,4,4,Single Family,House,2,Bedford,Freehold,under 1/2 acre,2020.0,"Garage, Attached Garage",2895.0,,,Detached,,,B4A0,B4A
249000,2,2,2,Single Family,House,2,Aylesford,Freehold,3 - 10 acres,,Gravel,970.0,"Stove, Dryer, Washer, Microwave, Refrigerator",Stone,Detached,,Crawl space,B0P1,B0P
420000,2,3,2,Single Family,House,2,Mount William,Freehold,1 - 3 acres,1982.0,Gravel,2468.0,,Poured Concrete,Detached,4 Level,Crawl space,B2H5,B2H
299900,1,1,1,Single Family,Apartment,1,Halifax Peninsula,Condominium/Strata,1/2 - 1 acre,1992.0,"Garage, Attached Garage",695.0,"Range, Dishwasher, Microwave, Refrigerator",Poured Concrete,,,None,B3J3,B3J
349000,3,3,2,Single Family,House,2,Woodlawn,Freehold,under 1/2 acre,1975.0,,1377.0,"Stove, Dishwasher, Dryer, Washer, Microwave Range Hood Combo",Poured Concrete,Semi-detached,,,B2W4,B2W
284500,3,3,2,Single Family,House,3,Westville,Freehold,under 1/2 acre,1959.0,Parking Space(s),1558.0,"Stove, Dryer - Electric, Washer, Refrigerator",Poured Concrete,Detached,3 Level,Partial,B0K2,B0K
599000,3,3,3,Single Family,House,2,Currys Corner,Freehold,1 - 3 acres,2008.0,"Garage, Attached Garage, Interlocked",2435.0,"Oven - Electric, Range - Gas, Dishwasher, Dryer - Electric, Washer, Refrigerator",Poured Concrete,Detached,,Full (Partially finished),B0N2,B0N
199900,0,1,1,Single Family,House,1,Beaver Bank,Freehold,under 1/2 acre,,,1400.0,"Stove, Dishwasher, Dryer, Washer, Refrigerator",Poured Concrete,Detached,Character,Full (Finished),B4C2,B4C
599900,5,5,3,Single Family,House,1,Lower Sackville,Freehold,1/2 - 1 acre,1994.0,Garage,2820.0,"Cooktop, Oven, Dishwasher, Dryer, Washer, Refrigerator, Central Vacuum",Concrete Slab,Detached,2 Level,Unknown,B4C4,B4C
479900,3,3,2,Single Family,House,1,Somerset,Freehold,3 - 10 acres,2012.0,"Garage, Detached Garage, Gravel",1287.0,"Stove, Dishwasher, Dryer, Washer, Refrigerator",Concrete Slab,Detached,Character,None,B0P1,B0P
529900,3,3,3,Single Family,House,1,Bedford,Freehold,under 1/2 acre,1978.0,"Garage, Attached Garage",1763.0,"Stove, Dishwasher, Dryer, Washer, Refrigerator",Poured Concrete,Detached,,,B4A2,B4A
424900,3,5,2,Single Family,House,1,Fall River,Freehold,under 1/2 acre,1977.0,"Garage, Attached Garage",1960.0,"Stove, Dishwasher, Dryer, Washer, Microwave Range Hood Combo, Refrigerator",Poured Concrete,Detached,,,B2T1,B2T
439900,3,3,2,Single Family,House,1,Lawrencetown,Freehold,1 - 3 acres,,"Garage, Detached Garage, Gravel",2430.0,"Dishwasher, Microwave Range Hood Combo",Poured Concrete,Detached,Character,Full (Finished),B2Z1,B2Z
799900,3,4,4,Single Family,House,2,Bedford West,Freehold,under 1/2 acre,,Garage,2589.0,"Dishwasher, Microwave Range Hood Combo",Poured Concrete,Detached,,Full (Finished),B4B0,B4B
225000,4,4,1,Single Family,House,1,Nictaux,Freehold,1 - 3 acres,1972.0,,1248.0,"Range - Gas, Dishwasher, Dryer - Electric, Washer, Freezer, Refrigerator",Concrete Block,Detached,Character,Partial (Partially finished),B0S1,B0S
279900,4,4,2,Single Family,House,2,Port Hawkesbury,Freehold,under 1/2 acre,1963.0,,1832.0,"Stove, Dishwasher, Dryer, Washer, Freezer - Chest, Refrigerator",Poured Concrete,Detached,,Full (Unfinished),B9A2,B9A
459900,3,3,2,Single Family,House,1,Stewiacke,Freehold,under 1/2 acre,,"Garage, Attached Garage, Gravel",1330.0,None,Concrete Slab,Detached,Character,None,B0N2,B0N
349900,3,6,3,Single Family,House,1,Valley,Freehold,under 1/2 acre,1972.0,Gravel,2986.0,,Poured Concrete,Detached,,Full (Finished),B6L2,B6L
1252500,3,3,3,Single Family,Apartment,1,Halifax,Condominium/Strata,,,"Garage, Other",1770.0,"Cooktop - Electric, Oven - Electric, Dishwasher, Dryer, Washer, Microwave, Refrigerator, Intercom",Poured Concrete,,Other,,B3J0,B3J
399900,2,3,2,Single Family,House,1,Dartmouth,Freehold,under 1/2 acre,1977.0,"Garage, Detached Garage",1300.0,"Stove, Dishwasher, Dryer, Washer, Refrigerator",Poured Concrete,Detached,Character,Full (Finished),B2W4,B2W
285000,2,3,3,Single Family,House,1,Hunts Point,Freehold,1/2 - 1 acre,1980.0,"Garage, Detached Garage, Gravel",1725.0,"Dishwasher, Dryer, Washer, Refrigerator",Poured Concrete,Detached,Character,Full (Finished),B0T1,B0T
223800,3,4,2,Single Family,House,2,New Glasgow,Freehold,under 1/2 acre,,,1406.0,,Poured Concrete,Detached,,Crawl space,B2H4,B2H
429900,2,2,1,Single Family,House,1,Porters Lake,Freehold,10 - 49 acres,1998.0,Gravel,1170.0,"Cooktop - Propane, Oven - Propane, Dishwasher, Dryer - Electric, Washer, Freezer - Stand Up, Refrigerator",Concrete Block,Detached,Character,Crawl space,B3E1,B3E
299000,3,5,2,Single Family,House,1,Truro,Freehold,under 1/2 acre,1966.0,Gravel,2070.0,"Stove, Dishwasher, Dryer, Washer, Microwave Range Hood Combo, Refrigerator",Poured Concrete,Detached,Character,Full (Finished),B2N4,B2N
279900,3,5,2,Single Family,House,1,Truro,Freehold,1/2 - 1 acre,,"Carport, Gravel",1646.0,"Stove, Dishwasher, Refrigerator",Concrete Block,Detached,Character,,B2N3,B2N
289900,2,2,1,Single Family,House,1,Eastern Passage,Freehold,under 1/2 acre,1952.0,"Garage, Detached Garage",930.0,"Stove, Dishwasher, Refrigerator",Concrete Block,Detached,Character,Full (Unfinished),B0J3,B0J
269900,3,3,1,Single Family,House,1,New Germany,Freehold,10 - 49 acres,1968.0,"Garage, Carport",1050.0,"Range - Electric, Refrigerator",Poured Concrete,Detached,Character,Full,B0R1,B0R
348500,3,4,3,Single Family,House,1,Valley,Freehold,under 1/2 acre,2020.0,Gravel,2232.0,"Stove, Dishwasher, Dryer, Washer, Refrigerator",Poured Concrete,Detached,Character,,B2N2,B2N
229500,3,3,1,Single Family,House,2,Halfway Brook,Freehold,1 - 3 acres,1835.0,Gravel,1458.0,"Stove, Dryer, Washer, Refrigerator",Stone,Detached,2 Level,Full,B0N1,B0N
299900,3,3,1,Single Family,House,1,Lake Echo,Freehold,1/2 - 1 acre,1968.0,Garage,1419.0,"Oven, Dishwasher, Dryer, Washer, Refrigerator",Poured Concrete,Detached,,Crawl space,B3E1,B3E
599900,3,3,2,Single Family,House,1,Belnan,Freehold,1 - 3 acres,2016.0,"Garage, Attached Garage, Detached Garage, Gravel",1651.0,,Concrete Slab,Detached,Character,None,B2S0,B2S
649000,3,3,4,Single Family,Row / Townhouse,2,Bedford,Freehold,under 1/2 acre,2005.0,"Garage, Attached Garage",2340.0,"Range, Dryer, Washer, Refrigerator",Poured Concrete,,,Full,B4A4,B4A
279900,2,3,1,Single Family,House,1,Canning,Freehold,1 - 3 acres,,"Garage, Detached Garage, Underground",1450.0,"Range - Electric, Dishwasher, Refrigerator",Poured Concrete,Detached,Character,,B0P1,B0P
239000,4,4,2,Single Family,House,2,Prospect,Freehold,1 - 3 acres,,Gravel,2040.0,"Stove, Dishwasher, Dryer, Washer, Freezer, Refrigerator","Concrete Block, Stone",Detached,,Partial (Unfinished),B0P1,B0P
145000,3,3,0,Single Family,House,2,Walden,Freehold,1 - 3 acres,2017.0,Gravel,847.0,"Microwave, Refrigerator",Concrete Slab,Detached,"Cottage, Camp",None,B0J2,B0J
1299900,3,3,4,Single Family,House,2,Terence Bay,Freehold,1/2 - 1 acre,1995.0,"Garage, Detached Garage",3570.0,"Central Vacuum, Cooktop - Electric, Oven, Dishwasher, Dryer - Electric, Washer, Microwave Range Hood Combo, Refrigerator, Water softener",Poured Concrete,Detached,,Full (Partially finished),B3T1,B3T
449900,2,2,2,Single Family,House,2,Upper Kennetcook,Freehold,10 - 49 acres,2017.0,Gravel,1568.0,,Poured Concrete,Detached,,Full (Partially finished),B0N2,B0N
199000,3,3,1,Single Family,Mobile Home,1,Manassette Lake,Freehold,50 - 100 acres,1996.0,"Gravel, Parking Space(s)",1126.0,"Range - Electric, Dryer, Washer",,,,None,B0H1,B0H
225000,2,2,2,Single Family,Mobile Home,1,Antigonish,Freehold,under 1/2 acre,2010.0,Gravel,896.0,"Stove, Dishwasher, Refrigerator",,,Mini,None,B2G0,B2G
129900,3,3,1,Single Family,House,2,Belnan,Freehold,1 - 3 acres,1859.0,Gravel,1800.0,"Stove, Dryer, Refrigerator",Stone,Detached,,Partial (Unfinished),B2S2,B2S
429900,2,3,3,Single Family,House,2,Wellington,Freehold,1/2 - 1 acre,1987.0,"Carport, Gravel",2044.0,"Range - Electric, Dishwasher, Dryer, Washer, Refrigerator",Poured Concrete,Detached,,,B2T1,B2T
299500,5,5,2,Single Family,House,2,Middleton,Freehold,under 1/2 acre,1913.0,,2800.0,"Gas stove(s), Washer, Refrigerator",Stone,Detached,,Full (Unfinished),B0S1,B0S
549000,6,6,2,Single Family,House,3,College Grant,Freehold,10 - 49 acres,1988.0,"Garage, Detached Garage, Gravel",3320.0,"Cooktop - Electric, Oven, Dishwasher, Microwave, Refrigerator",Poured Concrete,Detached,2 Level,,B0K1,B0K
379900,3,3,2,Single Family,House,1,Salmon River,Freehold,under 1/2 acre,1970.0,,2280.0,"Stove, Dishwasher, Dryer, Washer, Microwave, Refrigerator",Poured Concrete,Detached,Character,,B2N4,B2N
124500,2,2,2,Single Family,House,1,Onslow Mountain,Freehold,1/2 - 1 acre,1985.0,Gravel,912.0,"Stove, Dryer, Washer, Refrigerator",,Detached,Character,None,B6L6,B6L
239900,3,3,2,Single Family,House,1,Bible Hill,Freehold,under 1/2 acre,,"Garage, Attached Garage",2184.0,"Stove, Dryer, Washer, Refrigerator, Water softener",Poured Concrete,Detached,,,B2N2,B2N
229900,3,3,2,Single Family,House,1,Parrsboro,Freehold,under 1/2 acre,,"Garage, Attached Garage",1120.0,"Dishwasher, Washer/Dryer Combo, Fridge/Stove Combo",Poured Concrete,Detached,Character,Partial,B0M1,B0M
359900,3,3,2,Single Family,House,1,New Minas,Freehold,under 1/2 acre,2004.0,,1200.0,"Stove, Dishwasher, Microwave Range Hood Combo, Refrigerator","Poured Concrete, Concrete Slab",Detached,Character,None,B4N3,B4N
299900,3,3,1,Single Family,House,1,Wellington,Freehold,under 1/2 acre,1962.0,"Garage, Attached Garage, Gravel",1261.0,,Poured Concrete,Detached,Character,Crawl space,B2T1,B2T
469000,3,3,2,Single Family,House,1,Bridgewater,Freehold,under 1/2 acre,2012.0,"Garage, Attached Garage",1803.0,,"Poured Concrete, Concrete Slab",Detached,Character,None,B4V9,B4V
3300000,4,5,5,Single Family,House,2,Martins Brook,Freehold,3 - 10 acres,2003.0,"Garage, Detached Garage, Gravel",7290.0,"Central Vacuum, Range, Dishwasher, Dryer, Washer, Refrigerator",Poured Concrete,Detached,,Full (Finished),B0J2,B0J
450000,2,2,2,Single Family,Apartment,1,Halifax,Condominium/Strata,Unknown,1983.0,"Parking Space(s), Other",1050.0,"Stove, Dishwasher, Dryer - Electric, Washer, Refrigerator",Poured Concrete,,2 Level,None,B3L4,B3L
399000,3,6,2,Single Family,House,1,Antigonish,Freehold,1/2 - 1 acre,1972.0,Carport,1534.0,"Range, Dishwasher, Dryer, Washer, Refrigerator",Poured Concrete,Detached,Character,,B2G1,B2G
599900,3,3,3,Single Family,House,2,Brentwood,Freehold,10 - 49 acres,1922.0,Gravel,2428.0,"Oven, Dishwasher, Dryer, Washer, Refrigerator, Central Vacuum",Poured Concrete,Detached,,Full (Partially finished),B0N1,B0N
499000,3,3,3,Single Family,House,1,Tatamagouche,Freehold,10 - 49 acres,2008.0,"Garage, Detached Garage",2220.0,"Stove, Dishwasher, Dryer, Washer, Refrigerator",Poured Concrete,Detached,Character,Full (Partially finished),B0K1,B0K
197000,2,2,1,Single Family,House,1,Parrsboro,Freehold,1 - 3 acres,1987.0,Gravel,810.0,"Range, Dishwasher, Dryer, Washer, Refrigerator",Concrete Slab,Detached,Character,None,B0M1,B0M
229900,2,2,1,Single Family,House,1,Three Mile Plains,Freehold,1/2 - 1 acre,,Gravel,720.0,"Oven - Electric, Washer/Dryer Combo, Microwave Range Hood Combo, Refrigerator",Concrete Slab,Detached,Character,None,B0N2,B0N
709900,3,3,2,Single Family,House,2,Ardoise,Freehold,1 - 3 acres,2019.0,"Garage, Attached Garage, Detached Garage, Gravel",2599.0,"Stove, Dishwasher, Dryer, Washer, Microwave Range Hood Combo, Refrigerator",Concrete Slab,Detached,Character,None,B0N1,B0N
489900,3,3,3,Single Family,House,2,Beechville,Freehold,under 1/2 acre,2000.0,"Garage, Gravel",2080.0,"Stove, Dishwasher, Dryer, Washer, Refrigerator",Poured Concrete,Detached,,Full (Finished),B3T2,B3T
369900,3,3,2,Single Family,House,2,Hantsport,Freehold,1/2 - 1 acre,1975.0,"Garage, Attached Garage",2155.0,"Stove, Dryer, Washer, Refrigerator",Poured Concrete,Detached,,,B0P1,B0P
696900,2,4,3,Single Family,House,1,West St. Andrews,Freehold,1 - 3 acres,,"Garage, Attached Garage",2488.0,"Stove, Dishwasher, Refrigerator",Poured Concrete,Detached,Character,Full (Partially finished),B0N2,B0N
379900,3,3,2,Single Family,House,1,Antigonish,Freehold,under 1/2 acre,1979.0,,2170.0,,Poured Concrete,Detached,Character,Crawl space,B2G2,B2G
399900,3,3,2,Single Family,House,2,Bedford,Freehold,under 1/2 acre,,Gravel,1920.0,"Oven, Dishwasher, Washer/Dryer Combo, Refrigerator",Poured Concrete,Detached,,,B4A2,B4A
324900,3,4,3,Single Family,House,1,Kingston,Freehold,under 1/2 acre,1994.0,,2200.0,Dishwasher,Poured Concrete,Detached,,Full (Finished),B0P1,B0P
189900,2,2,1,Single Family,House,2,North Kentville,Freehold,under 1/2 acre,1941.0,Gravel,938.0,"Stove, Dryer - Electric, Washer","Concrete Block, Poured Concrete",Detached,,Full (Unfinished),B4N1,B4N
2000000,7,7,5,Single Family,House,2,Halifax,Freehold,under 1/2 acre,1918.0,,3870.0,"Cooktop - Electric, Oven - Electric, Dishwasher, Dryer, Washer, Microwave, Refrigerator",Poured Concrete,Detached,,,B3H2,B3H
889000,3,3,4,Single Family,Row / Townhouse,3,Dartmouth,Freehold,under 1/2 acre,2006.0,Garage,2400.0,"Gas stove(s), Dishwasher, Washer/Dryer Combo, Microwave Range Hood Combo, Refrigerator",Poured Concrete,,,Full,B3A1,B3A
415000,3,4,3,Single Family,House,1,Greenwood,Freehold,under 1/2 acre,1995.0,"Garage, Attached Garage",2576.0,"Stove, Dishwasher, Washer/Dryer Combo, Microwave, Refrigerator, Hot Tub",Poured Concrete,Detached,,Full (Finished),B0P1,B0P
259900,4,5,2,Single Family,House,1,Beaver Bank,Freehold,1 - 3 acres,1972.0,"Garage, Attached Garage",1920.0,"Stove, Dishwasher",Poured Concrete,Detached,Character,Full (Partially finished),B4G1,B4G
359000,0,4,2,Single Family,Duplex,1,North Kentville,Freehold,under 1/2 acre,1991.0,Gravel,2100.0,"Stove, Dryer, Washer, Refrigerator",Poured Concrete,Side by side,,,B4N5,B4N
